id,name,acronym,RGB_1,RGB_2,RGB_3,graph_order,structure_id_path
997,root,root,255,255,255,0,0
8,Basic cell groups and regions,grey,191,218,227,1,997
567,Cerebrum,CH,176,240,255,2,8
688,Cerebral cortex,CTX,176,255,184,3,567
695,Cortical plate,CTXpl,112,255,112,4,688
315,Isocortex,Isocortex,112,255,113,5,695
184,"Frontal pole, cerebral cortex",FRP,38,143,69,6,315
68,"Frontal pole, layer 1",FRP1,38,143,69,7,184
667,"Frontal pole, layer 2/3",FRP2/3,38,143,69,8,184
20040,"Frontal pole, layer 5",FRP5,38,143,69,9,184
20039,"Frontal pole, layer 6a",FRP6a,38,143,69,10,184
20038,"Frontal pole, layer 6b",FRP6b,38,143,69,11,184
500,Somatomotor areas,MO,31,157,90,12,315
107,"Somatomotor areas, Layer 1",MO1,31,157,90,13,500
219,"Somatomotor areas, Layer 2/3",MO2/3,31,157,90,14,500
299,"Somatomotor areas, Layer 5",MO5,31,157,90,15,500
644,"Somatomotor areas, Layer 6a",MO6a,31,157,90,16,500
947,"Somatomotor areas, Layer 6b",MO6b,31,157,90,17,500
985,Primary motor area,MOp,31,157,90,18,500
320,"Primary motor area, Layer 1",MOp1,31,157,90,19,985
943,"Primary motor area, Layer 2/3",MOp2/3,31,157,90,20,985
648,"Primary motor area, Layer 5",MOp5,31,157,90,21,985
844,"Primary motor area, Layer 6a",MOp6a,31,157,90,22,985
882,"Primary motor area, Layer 6b",MOp6b,31,157,90,23,985
993,Secondary motor area,MOs,31,157,90,24,500
656,"Secondary motor area, layer 1",MOs1,31,157,90,25,993
962,"Secondary motor area, layer 2/3",MOs2/3,31,157,90,26,993
767,"Secondary motor area, layer 5",MOs5,31,157,90,27,993
1021,"Secondary motor area, layer 6a",MOs6a,31,157,90,28,993
1085,"Secondary motor area, layer 6b",MOs6b,31,157,90,29,993
453,Somatosensory areas,SS,24,128,100,30,315
12993,"Somatosensory areas, layer 1",SS1,24,128,100,31,453
12994,"Somatosensory areas, layer 2/3",SS2/3,24,128,100,32,453
12995,"Somatosensory areas, layer 4",SS4,24,128,100,33,453
12996,"Somatosensory areas, layer 5",SS5,24,128,100,34,453
12997,"Somatosensory areas, layer 6a",SS6a,24,128,100,35,453
12998,"Somatosensory areas, layer 6b",SS6b,24,128,100,36,453
322,Primary somatosensory area,SSp,24,128,100,37,453
793,"Primary somatosensory area, layer 1",SSp1,24,128,100,38,322
346,"Primary somatosensory area, layer 2/3",SSp2/3,24,128,100,39,322
865,"Primary somatosensory area, layer 4",SSp4,24,128,100,40,322
921,"Primary somatosensory area, layer 5",SSp5,24,128,100,41,322
686,"Primary somatosensory area, layer 6a",SSp6a,24,128,100,42,322
719,"Primary somatosensory area, layer 6b",SSp6b,24,128,100,43,322
353,"Primary somatosensory area, nose",SSp-n,24,128,100,44,322
558,"Primary somatosensory area, nose, layer 1",SSp-n1,24,128,100,45,353
838,"Primary somatosensory area, nose, layer 2/3",SSp-n2/3,24,128,100,46,353
654,"Primary somatosensory area, nose, layer 4",SSp-n4,24,128,100,47,353
702,"Primary somatosensory area, nose, layer 5",SSp-n5,24,128,100,48,353
889,"Primary somatosensory area, nose, layer 6a",SSp-n6a,24,128,100,49,353
929,"Primary somatosensory area, nose, layer 6b",SSp-n6b,24,128,100,50,353
329,"Primary somatosensory area, barrel field",SSp-bfd,24,128,100,51,322
981,"Primary somatosensory area, barrel field, layer 1",SSp-bfd1,24,128,100,52,329
201,"Primary somatosensory area, barrel field, layer 2/3",SSp-bfd2/3,24,128,100,53,329
1047,"Primary somatosensory area, barrel field, layer 4",SSp-bfd4,24,128,100,54,329
1070,"Primary somatosensory area, barrel field, layer 5",SSp-bfd5,24,128,100,55,329
1038,"Primary somatosensory area, barrel field, layer 6a",SSp-bfd6a,24,128,100,56,329
1062,"Primary somatosensory area, barrel field, layer 6b",SSp-bfd6b,24,128,100,57,329
20093,Rostrolateral lateral visual area,VISrll,24,128,100,58,329
20092,"Rostrolateral lateral visual area, layer 1",VISrll1,24,128,100,59,20093
20091,"Rostrolateral lateral visual area, layer 2/3",VISrll2/3,24,128,100,60,20093
20090,"Rostrolateral lateral visual area, layer 4",VISrll4,24,128,100,61,20093
20089,"Rostrolateral lateral visual area,layer 5",VISrll5,24,128,100,62,20093
20088,"Rostrolateral lateral visual area, layer 6a",VISrll6a,24,128,100,63,20093
20087,"Rostrolateral lateral visual area, layer 6b",VISrll6b,24,128,100,64,20093
337,"Primary somatosensory area, lower limb",SSp-ll,24,128,100,65,322
1030,"Primary somatosensory area, lower limb, layer 1",SSp-ll1,24,128,100,66,337
113,"Primary somatosensory area, lower limb, layer 2/3",SSp-ll2/3,24,128,100,67,337
1094,"Primary somatosensory area, lower limb, layer 4",SSp-ll4,24,128,100,68,337
1128,"Primary somatosensory area, lower limb, layer 5",SSp-ll5,24,128,100,69,337
478,"Primary somatosensory area, lower limb, layer 6a",SSp-ll6a,24,128,100,70,337
510,"Primary somatosensory area, lower limb, layer 6b",SSp-ll6b,24,128,100,71,337
345,"Primary somatosensory area, mouth",SSp-m,24,128,100,72,322
878,"Primary somatosensory area, mouth, layer 1",SSp-m1,24,128,100,73,345
657,"Primary somatosensory area, mouth, layer 2/3",SSp-m2/3,24,128,100,74,345
950,"Primary somatosensory area, mouth, layer 4",SSp-m4,24,128,100,75,345
974,"Primary somatosensory area, mouth, layer 5",SSp-m5,24,128,100,76,345
1102,"Primary somatosensory area, mouth, layer 6a",SSp-m6a,24,128,100,77,345
2,"Primary somatosensory area, mouth, layer 6b",SSp-m6b,24,128,100,78,345
369,"Primary somatosensory area, upper limb",SSp-ul,24,128,100,79,322
450,"Primary somatosensory area, upper limb, layer 1",SSp-ul1,24,128,100,80,369
854,"Primary somatosensory area, upper limb, layer 2/3",SSp-ul2/3,24,128,100,81,369
577,"Primary somatosensory area, upper limb, layer 4",SSp-ul4,24,128,100,82,369
625,"Primary somatosensory area, upper limb, layer 5",SSp-ul5,24,128,100,83,369
945,"Primary somatosensory area, upper limb, layer 6a",SSp-ul6a,24,128,100,84,369
1026,"Primary somatosensory area, upper limb, layer 6b",SSp-ul6b,24,128,100,85,369
361,"Primary somatosensory area, trunk",SSp-tr,24,128,100,86,322
1006,"Primary somatosensory area, trunk, layer 1",SSp-tr1,24,128,100,87,361
670,"Primary somatosensory area, trunk, layer 2/3",SSp-tr2/3,24,128,100,88,361
1086,"Primary somatosensory area, trunk, layer 4",SSp-tr4,24,128,100,89,361
1111,"Primary somatosensory area, trunk, layer 5",SSp-tr5,24,128,100,90,361
9,"Primary somatosensory area, trunk, layer 6a",SSp-tr6a,24,128,100,91,361
461,"Primary somatosensory area, trunk, layer 6b",SSp-tr6b,24,128,100,92,361
20128,"Primary somatosensory area, unassigned",SSp-un,24,128,100,93,322
20127,"Primary somatosensory area, unassigned, layer 1",SSp-un1,24,128,100,94,20128
20126,"Primary somatosensory area, unassigned, layer 2/3",SSp-un2/3,24,128,100,95,20128
20125,"Primary somatosensory area, unassigned, layer 4",SSp-un4,24,128,100,96,20128
20124,"Primary somatosensory area, unassigned, layer 5",SSp-un5,24,128,100,97,20128
20123,"Primary somatosensory area, unassigned, layer 6a",SSp-un6a,24,128,100,98,20128
20122,"Primary somatosensory area, unassigned, layer 6b",SSp-un6b,24,128,100,99,20128
378,Supplemental somatosensory area,SSs,24,128,100,100,453
873,"Supplemental somatosensory area, layer 1",SSs1,24,128,100,101,378
806,"Supplemental somatosensory area, layer 2/3",SSs2/3,24,128,100,102,378
1035,"Supplemental somatosensory area, layer 4",SSs4,24,128,100,103,378
1090,"Supplemental somatosensory area, layer 5",SSs5,24,128,100,104,378
862,"Supplemental somatosensory area, layer 6a",SSs6a,24,128,100,105,378
893,"Supplemental somatosensory area, layer 6b",SSs6b,24,128,100,106,378
1057,Gustatory areas,GU,0,156,117,107,315
36,"Gustatory areas, layer 1",GU1,0,156,117,108,1057
180,"Gustatory areas, layer 2/3",GU2/3,0,156,117,109,1057
148,"Gustatory areas, layer 4",GU4,0,156,117,110,1057
187,"Gustatory areas, layer 5",GU5,0,156,117,111,1057
638,"Gustatory areas, layer 6a",GU6a,0,156,117,112,1057
662,"Gustatory areas, layer 6b",GU6b,0,156,117,113,1057
677,Visceral area,VISC,17,173,131,114,315
897,"Visceral area, layer 1",VISC1,17,173,131,115,677
1106,"Visceral area, layer 2/3",VISC2/3,17,173,131,116,677
1010,"Visceral area, layer 4",VISC4,17,173,131,117,677
1058,"Visceral area, layer 5",VISC5,17,173,131,118,677
857,"Visceral area, layer 6a",VISC6a,17,173,131,119,677
849,"Visceral area, layer 6b",VISC6b,17,173,131,120,677
247,Auditory areas,AUD,1,147,153,121,315
1011,Dorsal auditory area,AUDd,1,147,153,122,247
527,"Dorsal auditory area, layer 1",AUDd1,1,147,153,123,1011
600,"Dorsal auditory area, layer 2/3",AUDd2/3,1,147,153,124,1011
678,"Dorsal auditory area, layer 4",AUDd4,1,147,153,125,1011
252,"Dorsal auditory area, layer 5",AUDd5,1,147,153,126,1011
156,"Dorsal auditory area, layer 6a",AUDd6a,1,147,153,127,1011
243,"Dorsal auditory area, layer 6b",AUDd6b,1,147,153,128,1011
20086,Laterolateral anterior visual area,VISlla,1,147,153,129,1011
20085,"Laterolateral anterior visual area, layer 1",VISlla1,1,147,153,130,20086
20084,"Laterolateral anterior visual area, layer 2/3",VISlla2/3,1,147,153,131,20086
20083,"Laterolateral anterior visual area, layer 4",VISlla4,1,147,153,132,20086
20082,"Laterolateral anterior visual area,layer 5",VISlla5,1,147,153,133,20086
20081,"Laterolateral anterior visual area, layer 6a",VISlla6a,1,147,153,134,20086
20080,"Laterolateral anterior visual area, layer 6b",VISlla6b,1,147,153,135,20086
1002,Primary auditory area,AUDp,1,147,153,136,247
735,"Primary auditory area, layer 1",AUDp1,1,147,153,137,1002
251,"Primary auditory area, layer 2/3",AUDp2/3,1,147,153,138,1002
816,"Primary auditory area, layer 4",AUDp4,1,147,153,139,1002
847,"Primary auditory area, layer 5",AUDp5,1,147,153,140,1002
954,"Primary auditory area, layer 6a",AUDp6a,1,147,153,141,1002
1005,"Primary auditory area, layer 6b",AUDp6b,1,147,153,142,1002
1027,Posterior auditory area,AUDpo,1,147,153,143,247
696,"Posterior auditory area, layer 1",AUDpo1,1,147,153,144,1027
643,"Posterior auditory area, layer 2/3",AUDpo2/3,1,147,153,145,1027
759,"Posterior auditory area, layer 4",AUDpo4,1,147,153,146,1027
791,"Posterior auditory area, layer 5",AUDpo5,1,147,153,147,1027
249,"Posterior auditory area, layer 6a",AUDpo6a,1,147,153,148,1027
456,"Posterior auditory area, layer 6b",AUDpo6b,1,147,153,149,1027
1018,Ventral auditory area,AUDv,1,147,153,150,247
959,"Ventral auditory area, layer 1",AUDv1,1,147,153,151,1018
755,"Ventral auditory area, layer 2/3",AUDv2/3,1,147,153,152,1018
990,"Ventral auditory area, layer 4",AUDv4,1,147,153,153,1018
1023,"Ventral auditory area, layer 5",AUDv5,1,147,153,154,1018
520,"Ventral auditory area, layer 6a",AUDv6a,1,147,153,155,1018
598,"Ventral auditory area, layer 6b",AUDv6b,1,147,153,156,1018
669,Visual areas,VIS,8,133,140,157,315
801,"Visual areas, layer 1",VIS1,8,133,140,158,669
561,"Visual areas, layer 2/3",VIS2/3,8,133,140,159,669
913,"Visual areas, layer 4",VIS4,8,133,140,160,669
937,"Visual areas, layer 5",VIS5,8,133,140,161,669
457,"Visual areas, layer 6a",VIS6a,8,133,140,162,669
497,"Visual areas, layer 6b",VIS6b,8,133,140,163,669
402,Anterolateral visual area,VISal,8,133,140,164,669
1074,"Anterolateral visual area, layer 1",VISal1,8,133,140,165,402
905,"Anterolateral visual area, layer 2/3",VISal2/3,8,133,140,166,402
1114,"Anterolateral visual area, layer 4",VISal4,8,133,140,167,402
233,"Anterolateral visual area, layer 5",VISal5,8,133,140,168,402
601,"Anterolateral visual area, layer 6a",VISal6a,8,133,140,169,402
649,"Anterolateral visual area, layer 6b",VISal6b,8,133,140,170,402
394,Anteromedial visual area,VISam,8,133,140,171,669
281,"Anteromedial visual area, layer 1",VISam1,8,133,140,172,394
1066,"Anteromedial visual area, layer 2/3",VISam2/3,8,133,140,173,394
401,"Anteromedial visual area, layer 4",VISam4,8,133,140,174,394
433,"Anteromedial visual area, layer 5",VISam5,8,133,140,175,394
1046,"Anteromedial visual area, layer 6a",VISam6a,8,133,140,176,394
441,"Anteromedial visual area, layer 6b",VISam6b,8,133,140,177,394
409,Lateral visual area,VISl,8,133,140,178,669
421,"Lateral visual area, layer 1",VISl1,8,133,140,179,409
973,"Lateral visual area, layer 2/3",VISl2/3,8,133,140,180,409
573,"Lateral visual area, layer 4",VISl4,8,133,140,181,409
613,"Lateral visual area, layer 5",VISl5,8,133,140,182,409
74,"Lateral visual area, layer 6a",VISl6a,8,133,140,183,409
121,"Lateral visual area, layer 6b",VISl6b,8,133,140,184,409
385,Primary visual area,VISp,8,133,140,185,669
593,"Primary visual area, layer 1",VISp1,8,133,140,186,385
821,"Primary visual area, layer 2/3",VISp2/3,8,133,140,187,385
721,"Primary visual area, layer 4",VISp4,8,133,140,188,385
778,"Primary visual area, layer 5",VISp5,8,133,140,189,385
33,"Primary visual area, layer 6a",VISp6a,8,133,140,190,385
305,"Primary visual area, layer 6b",VISp6b,8,133,140,191,385
425,Posterolateral visual area,VISpl,8,133,140,192,669
750,"Posterolateral visual area, layer 1",VISpl1,8,133,140,193,425
269,"Posterolateral visual area, layer 2/3",VISpl2/3,8,133,140,194,425
869,"Posterolateral visual area, layer 4",VISpl4,8,133,140,195,425
902,"Posterolateral visual area, layer 5",VISpl5,8,133,140,196,425
377,"Posterolateral visual area, layer 6a",VISpl6a,8,133,140,197,425
393,"Posterolateral visual area, layer 6b",VISpl6b,8,133,140,198,425
533,posteromedial visual area,VISpm,8,133,140,199,669
805,"posteromedial visual area, layer 1",VISpm1,8,133,140,200,533
41,"posteromedial visual area, layer 2/3",VISpm2/3,8,133,140,201,533
501,"posteromedial visual area, layer 4",VISpm4,8,133,140,202,533
565,"posteromedial visual area, layer 5",VISpm5,8,133,140,203,533
257,"posteromedial visual area, layer 6a",VISpm6a,8,133,140,204,533
469,"posteromedial visual area, layer 6b",VISpm6b,8,133,140,205,533
20113,Laterointermediate area,VISli,8,133,140,206,669
20112,"Laterointermediate area, layer 1",VISli1,8,133,140,207,20113
20111,"Laterointermediate area, layer 2/3",VISli2/3,8,133,140,208,20113
20110,"Laterointermediate area, layer 4",VISli4,8,133,140,209,20113
20109,"Laterointermediate area, layer 5",VISli5,8,133,140,210,20113
20108,"Laterointermediate area, layer 6a",VISli6a,8,133,140,211,20113
20107,"Laterointermediate area, layer 6b",VISli6b,8,133,140,212,20113
20100,Postrhinal area,VISpor,8,133,140,213,669
20099,"Postrhinal area, layer 1",VISpor1,8,133,140,214,20100
20098,"Postrhinal area, layer 2/3",VISpor2/3,8,133,140,215,20100
20097,"Postrhinal area, layer 4",VISpor4,8,133,140,216,20100
20096,"Postrhinal area, layer 5",VISpor5,8,133,140,217,20100
20095,"Postrhinal area, layer 6a",VISpor6a,8,133,140,218,20100
20094,"Postrhinal area, layer 6b",VISpor6b,8,133,140,219,20100
31,Anterior cingulate area,ACA,64,166,102,220,315
572,"Anterior cingulate area, layer 1",ACA1,64,166,102,221,31
1053,"Anterior cingulate area, layer 2/3",ACA2/3,64,166,102,222,31
739,"Anterior cingulate area, layer 5",ACA5,64,166,102,223,31
179,"Anterior cingulate area, layer 6a",ACA6a,64,166,102,224,31
227,"Anterior cingulate area, layer 6b",ACA6b,64,166,102,225,31
39,"Anterior cingulate area, dorsal part",ACAd,64,166,102,226,31
935,"Anterior cingulate area, dorsal part, layer 1",ACAd1,64,166,102,227,39
211,"Anterior cingulate area, dorsal part, layer 2/3",ACAd2/3,64,166,102,228,39
1015,"Anterior cingulate area, dorsal part, layer 5",ACAd5,64,166,102,229,39
919,"Anterior cingulate area, dorsal part, layer 6a",ACAd6a,64,166,102,230,39
927,"Anterior cingulate area, dorsal part, layer 6b",ACAd6b,64,166,102,231,39
48,"Anterior cingulate area, ventral part",ACAv,64,166,102,232,31
588,"Anterior cingulate area, ventral part, layer 1",ACAv1,64,166,102,233,48
296,"Anterior cingulate area, ventral part, layer 2/3",ACAv2/3,64,166,102,234,48
772,"Anterior cingulate area, ventral part, layer 5",ACAv5,64,166,102,235,48
810,"Anterior cingulate area, ventral part, 6a",ACAv6a,64,166,102,236,48
819,"Anterior cingulate area, ventral part, 6b",ACAv6b,64,166,102,237,48
972,Prelimbic area,PL,47,168,80,238,315
171,"Prelimbic area, layer 1",PL1,47,168,80,239,972
195,"Prelimbic area, layer 2",PL2,47,168,80,240,972
304,"Prelimbic area, layer 2/3",PL2/3,47,168,80,241,972
363,"Prelimbic area, layer 5",PL5,47,168,80,242,972
84,"Prelimbic area, layer 6a",PL6a,47,168,80,243,972
132,"Prelimbic area, layer 6b",PL6b,47,168,80,244,972
44,Infralimbic area,ILA,89,179,99,245,315
707,"Infralimbic area, layer 1",ILA1,89,179,99,246,44
747,"Infralimbic area, layer 2",ILA2,89,179,99,247,44
556,"Infralimbic area, layer 2/3",ILA2/3,89,179,99,248,44
827,"Infralimbic area, layer 5",ILA5,89,179,99,249,44
1054,"Infralimbic area, layer 6a",ILA6a,89,179,99,250,44
1081,"Infralimbic area, layer 6b",ILA6b,89,179,99,251,44
714,Orbital area,ORB,36,138,94,252,315
264,"Orbital area, layer 1",ORB1,36,138,94,253,714
492,"Orbital area, layer 2/3",ORB2/3,36,138,94,254,714
352,"Orbital area, layer 5",ORB5,36,138,94,255,714
476,"Orbital area, layer 6a",ORB6a,36,138,94,256,714
516,"Orbital area, layer 6b",ORB6b,36,138,94,257,714
723,"Orbital area, lateral part",ORBl,36,138,94,258,714
448,"Orbital area, lateral part, layer 1",ORBl1,36,138,94,259,723
412,"Orbital area, lateral part, layer 2/3",ORBl2/3,36,138,94,260,723
630,"Orbital area, lateral part, layer 5",ORBl5,36,138,94,261,723
440,"Orbital area, lateral part, layer 6a",ORBl6a,36,138,94,262,723
488,"Orbital area, lateral part, layer 6b",ORBl6b,36,138,94,263,723
731,"Orbital area, medial part",ORBm,36,138,94,264,714
484,"Orbital area, medial part, layer 1",ORBm1,36,138,94,265,731
524,"Orbital area, medial part, layer 2",ORBm2,36,138,94,266,731
582,"Orbital area, medial part, layer 2/3",ORBm2/3,36,138,94,267,731
620,"Orbital area, medial part, layer 5",ORBm5,36,138,94,268,731
910,"Orbital area, medial part, layer 6a",ORBm6a,36,138,94,269,731
20037,"Orbital area, medial part, layer 6b",ORBm6b,36,138,94,270,731
738,"Orbital area, ventral part",ORBv,36,138,94,271,714
746,"Orbital area, ventrolateral part",ORBvl,36,138,94,272,714
969,"Orbital area, ventrolateral part, layer 1",ORBvl1,36,138,94,273,746
288,"Orbital area, ventrolateral part, layer 2/3",ORBvl2/3,36,138,94,274,746
1125,"Orbital area, ventrolateral part, layer 5",ORBvl5,36,138,94,275,746
608,"Orbital area, ventrolateral part, layer 6a",ORBvl6a,36,138,94,276,746
680,"Orbital area, ventrolateral part, layer 6b",ORBvl6b,36,138,94,277,746
95,Agranular insular area,AI,33,152,102,278,315
104,"Agranular insular area, dorsal part",AId,33,152,102,279,95
996,"Agranular insular area, dorsal part, layer 1",AId1,33,152,102,280,104
328,"Agranular insular area, dorsal part, layer 2/3",AId2/3,33,152,102,281,104
1101,"Agranular insular area, dorsal part, layer 5",AId5,33,152,102,282,104
783,"Agranular insular area, dorsal part, layer 6a",AId6a,33,152,102,283,104
831,"Agranular insular area, dorsal part, layer 6b",AId6b,33,152,102,284,104
111,"Agranular insular area, posterior part",AIp,33,152,102,285,95
120,"Agranular insular area, posterior part, layer 1",AIp1,33,152,102,286,111
163,"Agranular insular area, posterior part, layer 2/3",AIp2/3,33,152,102,287,111
344,"Agranular insular area, posterior part, layer 5",AIp5,33,152,102,288,111
314,"Agranular insular area, posterior part, layer 6a",AIp6a,33,152,102,289,111
355,"Agranular insular area, posterior part, layer 6b",AIp6b,33,152,102,290,111
119,"Agranular insular area, ventral part",AIv,33,152,102,291,95
704,"Agranular insular area, ventral part, layer 1",AIv1,33,152,102,292,119
694,"Agranular insular area, ventral part, layer 2/3",AIv2/3,33,152,102,293,119
800,"Agranular insular area, ventral part, layer 5",AIv5,33,152,102,294,119
675,"Agranular insular area, ventral part, layer 6a",AIv6a,33,152,102,295,119
699,"Agranular insular area, ventral part, layer 6b",AIv6b,33,152,102,296,119
254,Retrosplenial area,RSP,26,166,152,297,315
894,"Retrosplenial area, lateral agranular part",RSPagl,26,166,152,298,254
671,"Retrosplenial area, lateral agranular part, layer 1",RSPagl1,26,166,152,299,894
965,"Retrosplenial area, lateral agranular part, layer 2/3",RSPagl2/3,26,166,152,300,894
774,"Retrosplenial area, lateral agranular part, layer 5",RSPagl5,26,166,152,301,894
906,"Retrosplenial area, lateral agranular part, layer 6a",RSPagl6a,26,166,152,302,894
279,"Retrosplenial area, lateral agranular part, layer 6b",RSPagl6b,26,166,152,303,894
20079,Mediomedial anterior visual area,VISmma,26,166,152,304,894
20078,"Mediomedial anterior visual area, layer 1",VISmma1,26,166,152,305,20079
20077,"Mediomedial anterior visual area, layer 2/3",VISmma2/3,26,166,152,306,20079
20076,"Mediomedial anterior visual area, layer 4",VISmma4,26,166,152,307,20079
20075,"Mediomedial anterior visual area,layer 5",VISmma5,26,166,152,308,20079
20074,"Mediomedial anterior visual area, layer 6a",VISmma6a,26,166,152,309,20079
20073,"Mediomedial anterior visual area, layer 6b",VISmma6b,26,166,152,310,20079
20072,Mediomedial posterior visual area,VISmmp,26,166,152,311,894
20071,"Mediomedial posterior visual area, layer 1",VISmmp1,26,166,152,312,20072
20070,"Mediomedial posterior visual area, layer 2/3",VISmmp2/3,26,166,152,313,20072
20069,"Mediomedial posterior visual area, layer 4",VISmmp4,26,166,152,314,20072
20068,"Mediomedial posterior visual area,layer 5",VISmmp5,26,166,152,315,20072
20067,"Mediomedial posterior visual area, layer 6a",VISmmp6a,26,166,152,316,20072
20066,"Mediomedial posterior visual area, layer 6b",VISmmp6b,26,166,152,317,20072
20065,Medial visual area,VISm,26,166,152,318,894
20064,"Medial visual area, layer 1",VISm1,26,166,152,319,20065
20063,"Medial visual area, layer 2/3",VISm2/3,26,166,152,320,20065
20062,"Medial visual area, layer 4",VISm4,26,166,152,321,20065
20061,"Medial visual area,layer 5",VISm5,26,166,152,322,20065
20060,"Medial visual area, layer 6a",VISm6a,26,166,152,323,20065
20059,"Medial visual area, layer 6b",VISm6b,26,166,152,324,20065
879,"Retrosplenial area, dorsal part",RSPd,26,166,152,325,254
442,"Retrosplenial area, dorsal part, layer 1",RSPd1,26,166,152,326,879
434,"Retrosplenial area, dorsal part, layer 2/3",RSPd2/3,26,166,152,327,879
545,"Retrosplenial area, dorsal part, layer 4",RSPd4,26,166,152,328,879
610,"Retrosplenial area, dorsal part, layer 5",RSPd5,26,166,152,329,879
274,"Retrosplenial area, dorsal part, layer 6a",RSPd6a,26,166,152,330,879
330,"Retrosplenial area, dorsal part, layer 6b",RSPd6b,26,166,152,331,879
886,"Retrosplenial area, ventral part",RSPv,26,166,152,332,254
542,"Retrosplenial area, ventral part, layer 1",RSPv1,26,166,152,333,886
606,"Retrosplenial area, ventral part, layer 2",RSPv2,26,166,152,334,886
430,"Retrosplenial area, ventral part, layer 2/3",RSPv2/3,26,166,152,335,886
687,"Retrosplenial area, ventral part, layer 5",RSPv5,26,166,152,336,886
590,"Retrosplenial area, ventral part, layer 6a",RSPv6a,26,166,152,337,886
622,"Retrosplenial area, ventral part, layer 6b",RSPv6b,26,166,152,338,886
22,Posterior parietal association areas,PTLp,0,159,172,339,315
532,"Posterior parietal association areas, layer 1",PTLp1,0,159,172,340,22
241,"Posterior parietal association areas, layer 2/3",PTLp2/3,0,159,172,341,22
635,"Posterior parietal association areas, layer 4",PTLp4,0,159,172,342,22
683,"Posterior parietal association areas, layer 5",PTLp5,0,159,172,343,22
308,"Posterior parietal association areas, layer 6a",PTLp6a,0,159,172,344,22
340,"Posterior parietal association areas, layer 6b",PTLp6b,0,159,172,345,22
20120,Anterior area,VISa,0,159,172,346,22
20119,"Anterior area, layer 1",VISa1,0,159,172,347,20120
20118,"Anterior area, layer 2/3",VISa2/3,0,159,172,348,20120
20117,"Anterior area, layer 4",VISa4,0,159,172,349,20120
20116,"Anterior area, layer 5",VISa5,0,159,172,350,20120
20115,"Anterior area, layer 6a",VISa6a,0,159,172,351,20120
20114,"Anterior area, layer 6b",VISa6b,0,159,172,352,20120
417,Rostrolateral visual area,VISrl,0,159,172,353,22
20106,"Rostrolateral area, layer 1",VISrl1,0,159,172,354,417
20105,"Rostrolateral area, layer 2/3",VISrl2/3,0,159,172,355,417
20104,"Rostrolateral area, layer 4",VISrl4,0,159,172,356,417
20103,"Rostrolateral area, layer 5",VISrl5,0,159,172,357,417
20102,"Rostrolateral area, layer 6a",VISrl6a,0,159,172,358,417
20101,"Rostrolateral area, layer 6b",VISrl6b,0,159,172,359,417
541,Temporal association areas,TEa,21,176,179,360,315
97,"Temporal association areas, layer 1",TEa1,21,176,179,361,541
1127,"Temporal association areas, layer 2/3",TEa2/3,21,176,179,362,541
234,"Temporal association areas, layer 4",TEa4,21,176,179,363,541
289,"Temporal association areas, layer 5",TEa5,21,176,179,364,541
729,"Temporal association areas, layer 6a",TEa6a,21,176,179,365,541
786,"Temporal association areas, layer 6b",TEa6b,21,176,179,366,541
922,Perirhinal area,PERI,14,150,132,367,315
540,"Perirhinal area, layer 1",PERI1,14,150,132,368,922
888,"Perirhinal area, layer 2/3",PERI2/3,14,150,132,369,922
692,"Perirhinal area, layer 5",PERI5,14,150,132,370,922
335,"Perirhinal area, layer 6a",PERI6a,14,150,132,371,922
368,"Perirhinal area, layer 6b",PERI6b,14,150,132,372,922
895,Ectorhinal area,ECT,13,159,145,373,315
836,Ectorhinal area/Layer 1,ECT1,13,159,145,374,895
427,Ectorhinal area/Layer 2/3,ECT2/3,13,159,145,375,895
988,Ectorhinal area/Layer 5,ECT5,13,159,145,376,895
977,Ectorhinal area/Layer 6a,ECT6a,13,159,145,377,895
1045,Ectorhinal area/Layer 6b,ECT6b,13,159,145,378,895
698,Olfactory areas,OLF,154,210,189,379,695
507,Main olfactory bulb,MOB,154,210,189,380,698
212,"Main olfactory bulb, glomerular layer",MOBgl,130,199,174,381,507
220,"Main olfactory bulb, granule layer",MOBgr,130,199,174,382,507
228,"Main olfactory bulb, inner plexiform layer",MOBipl,154,210,189,383,507
236,"Main olfactory bulb, mitral layer",MOBmi,130,199,174,384,507
244,"Main olfactory bulb, outer plexiform layer",MOBopl,154,210,189,385,507
151,Accessory olfactory bulb,AOB,157,240,210,386,698
188,"Accessory olfactory bulb, glomerular layer",AOBgl,157,240,210,387,151
196,"Accessory olfactory bulb, granular layer",AOBgr,149,228,200,388,151
204,"Accessory olfactory bulb, mitral layer",AOBmi,157,240,210,389,151
159,Anterior olfactory nucleus,AON,84,191,148,390,698
167,"Anterior olfactory nucleus, dorsal part",AONd,84,191,148,391,159
175,"Anterior olfactory nucleus, external part",AONe,84,191,148,392,159
183,"Anterior olfactory nucleus, lateral part",AONl,84,191,148,393,159
191,"Anterior olfactory nucleus, medial part",AONm,84,191,148,394,159
199,"Anterior olfactory nucleus, posteroventral part",AONpv,84,191,148,395,159
160,"Anterior olfactory nucleus, layer 1",AON1,84,191,148,396,159
168,"Anterior olfactory nucleus, layer 2",AON2,84,191,148,397,159
589,Taenia tecta,TT,98,208,159,398,698
597,"Taenia tecta, dorsal part",TTd,98,208,159,399,589
297,"Taenia tecta, dorsal part, layers 1-4",TTd1-4,98,208,159,400,597
1034,"Taenia tecta, dorsal part, layer 1",TTd1,98,208,159,401,597
1042,"Taenia tecta, dorsal part, layer 2",TTd2,98,208,159,402,597
1050,"Taenia tecta, dorsal part, layer 3",TTd3,98,208,159,403,597
1059,"Taenia tecta, dorsal part, layer 4",TTd4,98,208,159,404,597
605,"Taenia tecta, ventral part",TTv,98,208,159,405,589
306,"Taenia tecta, ventral part, layers 1-3",TTv1-3,98,208,159,406,605
1067,"Taenia tecta, ventral part, layer 1",TTv1,98,208,159,407,605
1075,"Taenia tecta, ventral part, layer 2",TTv2,98,208,159,408,605
1082,"Taenia tecta, ventral part, layer 3",TTv3,98,208,159,409,605
814,Dorsal peduncular area,DP,164,218,164,410,698
496,"Dorsal peduncular area, layer 1",DP1,164,218,164,411,814
535,"Dorsal peduncular area, layer 2",DP2,164,218,164,412,814
360,"Dorsal peduncular area, layer 2/3",DP2/3,164,218,164,413,814
646,"Dorsal peduncular area, layer 5",DP5,164,218,164,414,814
267,"Dorsal peduncular area, layer 6a",DP6a,164,218,164,415,814
961,Piriform area,PIR,106,203,186,416,698
152,"Piriform area, layers 1-3",PIR1-3,106,203,186,417,961
276,"Piriform area, molecular layer",PIR1,106,203,186,418,961
284,"Piriform area, pyramidal layer",PIR2,106,203,186,419,961
291,"Piriform area, polymorph layer",PIR3,106,203,186,420,961
619,Nucleus of the lateral olfactory tract,NLOT,149,228,200,421,698
392,"Nucleus of the lateral olfactory tract, layers 1-3",NLOT1-3,149,228,200,422,619
260,"Nucleus of the lateral olfactory tract, molecular layer",NLOT1,149,228,200,423,619
268,"Nucleus of the lateral olfactory tract, pyramidal layer",NLOT2,149,228,200,424,619
1139,"Nucleus of the lateral olfactory tract, layer 3",NLOT3,149,228,200,425,619
631,Cortical amygdalar area,COA,97,231,183,426,698
639,"Cortical amygdalar area, anterior part",COAa,97,231,183,427,631
192,"Cortical amygdalar area, anterior part, layer 1",COAa1,97,231,183,428,639
200,"Cortical amygdalar area, anterior part, layer 2",COAa2,97,231,183,429,639
208,"Cortical amygdalar area, anterior part, layer 3",COAa3,97,231,183,430,639
647,"Cortical amygdalar area, posterior part",COAp,97,231,183,431,631
655,"Cortical amygdalar area, posterior part, lateral zone",COApl,97,231,183,432,647
584,"Cortical amygdalar area, posterior part, lateral zone, layers 1-2",COApl1-2,97,231,183,433,655
376,"Cortical amygdalar area, posterior part, lateral zone, layers 1-3",COApl1-3,97,231,183,434,655
216,"Cortical amygdalar area, posterior part, lateral zone, layer 1",COApl1,97,231,183,435,655
224,"Cortical amygdalar area, posterior part, lateral zone, layer 2",COApl2,97,231,183,436,655
232,"Cortical amygdalar area, posterior part, lateral zone, layer 3",COApl3,97,231,183,437,655
663,"Cortical amygdalar area, posterior part, medial zone",COApm,97,231,183,438,647
592,"Cortical amygdalar area, posterior part, medial zone, layers 1-2",COApm1-2,97,231,183,439,663
383,"Cortical amygdalar area, posterior part, medial zone, layers 1-3",COApm1-3,97,231,183,440,663
240,"Cortical amygdalar area, posterior part, medial zone, layer 1",COApm1,97,231,183,441,663
248,"Cortical amygdalar area, posterior part, medial zone, layer 2",COApm2,97,231,183,442,663
256,"Cortical amygdalar area, posterior part, medial zone, layer 3",COApm3,97,231,183,443,663
788,Piriform-amygdalar area,PAA,89,218,171,444,698
400,"Piriform-amygdalar area, layers 1-3",PAA1-3,89,218,171,445,788
408,"Piriform-amygdalar area, molecular layer",PAA1,89,218,171,446,788
416,"Piriform-amygdalar area, pyramidal layer",PAA2,89,218,171,447,788
424,"Piriform-amygdalar area, polymorph layer",PAA3,89,218,171,448,788
566,Postpiriform transition area,TR,168,236,211,449,698
517,"Postpiriform transition area, layers 1-3",TR1-3,168,236,211,450,566
1140,"Postpiriform transition area, layers 1",TR1,168,236,211,451,566
1141,"Postpiriform transition area, layers 2",TR2,168,236,211,452,566
1142,"Postpiriform transition area, layers 3",TR3,168,236,211,453,566
1089,Hippocampal formation,HPF,126,208,75,454,695
1080,Hippocampal region,HIP,126,208,75,455,1089
375,Ammon's horn,CA,126,208,75,456,1080
382,Field CA1,CA1,126,208,75,457,375
391,"Field CA1, stratum lacunosum-moleculare",CA1slm,126,208,75,458,382
399,"Field CA1, stratum oriens",CA1so,126,208,75,459,382
407,"Field CA1, pyramidal layer",CA1sp,102,168,61,460,382
415,"Field CA1, stratum radiatum",CA1sr,126,208,75,461,382
423,Field CA2,CA2,126,208,75,462,375
431,"Field CA2, stratum lacunosum-moleculare",CA2slm,126,208,75,463,423
438,"Field CA2, stratum oriens",CA2so,126,208,75,464,423
446,"Field CA2, pyramidal layer",CA2sp,102,168,61,465,423
454,"Field CA2, stratum radiatum",CA2sr,126,208,75,466,423
463,Field CA3,CA3,126,208,75,467,375
471,"Field CA3, stratum lacunosum-moleculare",CA3slm,126,208,75,468,463
479,"Field CA3, stratum lucidum",CA3slu,126,208,75,469,463
486,"Field CA3, stratum oriens",CA3so,126,208,75,470,463
495,"Field CA3, pyramidal layer",CA3sp,102,168,61,471,463
504,"Field CA3, stratum radiatum",CA3sr,126,208,75,472,463
726,Dentate gyrus,DG,126,208,75,473,1080
10703,"Dentate gyrus, molecular layer",DG-mo,126,208,75,474,726
10704,"Dentate gyrus, polymorph layer",DG-po,126,208,75,475,726
632,"Dentate gyrus, granule cell layer",DG-sg,102,168,61,476,726
10702,"Dentate gyrus, subgranular zone",DG-sgz,126,208,75,477,726
734,Dentate gyrus crest,DGcr,126,208,75,478,726
742,"Dentate gyrus crest, molecular layer",DGcr-mo,126,208,75,479,734
751,"Dentate gyrus crest, polymorph layer",DGcr-po,126,208,75,480,734
758,"Dentate gyrus crest, granule cell layer",DGcr-sg,126,208,75,481,734
766,Dentate gyrus lateral blade,DGlb,126,208,75,482,726
775,"Dentate gyrus lateral blade, molecular layer",DGlb-mo,126,208,75,483,766
782,"Dentate gyrus lateral blade, polymorph layer",DGlb-po,126,208,75,484,766
790,"Dentate gyrus lateral blade, granule cell layer",DGlb-sg,126,208,75,485,766
799,Dentate gyrus medial blade,DGmb,126,208,75,486,726
807,"Dentate gyrus medial blade, molecular layer",DGmb-mo,126,208,75,487,799
815,"Dentate gyrus medial blade, polymorph layer",DGmb-po,126,208,75,488,799
823,"Dentate gyrus medial blade, granule cell layer",DGmb-sg,126,208,75,489,799
982,Fasciola cinerea,FC,126,208,75,490,1080
19,Induseum griseum,IG,126,208,75,491,1080
822,Retrohippocampal region,RHP,50,184,37,492,1089
909,Entorhinal area,ENT,50,184,37,493,822
918,"Entorhinal area, lateral part",ENTl,50,184,37,494,909
1121,"Entorhinal area, lateral part, layer 1",ENTl1,50,184,37,495,918
20,"Entorhinal area, lateral part, layer 2",ENTl2,50,184,37,496,918
999,"Entorhinal area, lateral part, layer 2/3",ENTl2/3,50,184,37,497,918
715,"Entorhinal area, lateral part, layer 2a",ENTl2a,50,184,37,498,918
764,"Entorhinal area, lateral part, layer 2b",ENTl2b,50,184,37,499,918
52,"Entorhinal area, lateral part, layer 3",ENTl3,50,184,37,500,918
92,"Entorhinal area, lateral part, layer 4",ENTl4,50,184,37,501,918
312,"Entorhinal area, lateral part, layer 4/5",ENTl4/5,50,184,37,502,918
139,"Entorhinal area, lateral part, layer 5",ENTl5,50,184,37,503,918
387,"Entorhinal area, lateral part, layer 5/6",ENTl5/6,50,184,37,504,918
28,"Entorhinal area, lateral part, layer 6a",ENTl6a,50,184,37,505,918
60,"Entorhinal area, lateral part, layer 6b",ENTl6b,50,184,37,506,918
926,"Entorhinal area, medial part, dorsal zone",ENTm,50,184,37,507,909
526,"Entorhinal area, medial part, dorsal zone, layer 1",ENTm1,50,184,37,508,926
543,"Entorhinal area, medial part, dorsal zone, layer 2",ENTm2,50,184,37,509,926
468,"Entorhinal area, medial part, dorsal zone, layer 2a",ENTm2a,50,184,37,510,926
508,"Entorhinal area, medial part, dorsal zone, layer 2b",ENTm2b,50,184,37,511,926
664,"Entorhinal area, medial part, dorsal zone, layer 3",ENTm3,50,184,37,512,926
712,"Entorhinal area, medial part, dorsal zone, layer 4",ENTm4,50,184,37,513,926
727,"Entorhinal area, medial part, dorsal zone, layer 5",ENTm5,50,184,37,514,926
550,"Entorhinal area, medial part, dorsal zone, layer 5/6",ENTm5/6,50,184,37,515,926
743,"Entorhinal area, medial part, dorsal zone, layer 6",ENTm6,50,184,37,516,926
934,"Entorhinal area, medial part, ventral zone",ENTmv,50,184,37,517,909
259,"Entorhinal area, medial part, ventral zone, layer 1",ENTmv1,50,184,37,518,934
324,"Entorhinal area, medial part, ventral zone, layer 2",ENTmv2,50,184,37,519,934
371,"Entorhinal area, medial part, ventral zone, layer 3",ENTmv3,50,184,37,520,934
419,"Entorhinal area, medial part, ventral zone, layer 4",ENTmv4,50,184,37,521,934
1133,"Entorhinal area, medial part, ventral zone, layer 5/6",ENTmv5/6,50,184,37,522,934
843,Parasubiculum,PAR,114,213,105,523,822
10693,"Parasubiculum, layer 1",PAR1,114,213,105,524,843
10694,"Parasubiculum, layer 2",PAR2,114,213,105,525,843
10695,"Parasubiculum, layer 3",PAR3,114,213,105,526,843
1037,Postsubiculum,POST,72,200,60,527,822
10696,"Postsubiculum, layer 1",POST1,72,200,60,528,1037
10697,"Postsubiculum, layer 2",POST2,72,200,60,529,1037
10698,"Postsubiculum, layer 3",POST3,72,200,60,530,1037
1084,Presubiculum,PRE,89,185,71,531,822
10699,"Presubiculum, layer 1",PRE1,89,185,71,532,1084
10700,"Presubiculum, layer 2",PRE2,89,185,71,533,1084
10701,"Presubiculum, layer 3",PRE3,89,185,71,534,1084
502,Subiculum,SUB,79,194,68,535,822
509,"Subiculum, dorsal part",SUBd,79,194,68,536,502
829,"Subiculum, dorsal part, molecular layer",SUBd-m,79,194,68,537,509
845,"Subiculum, dorsal part, pyramidal layer",SUBd-sp,75,181,71,538,509
837,"Subiculum, dorsal part, stratum radiatum",SUBd-sr,79,194,68,539,509
518,"Subiculum, ventral part",SUBv,79,194,68,540,502
853,"Subiculum, ventral part, molecular layer",SUBv-m,79,194,68,541,518
870,"Subiculum, ventral part, pyramidal layer",SUBv-sp,75,181,71,542,518
861,"Subiculum, ventral part, stratum radiatum",SUBv-sr,79,194,68,543,518
20058,Prosubiculum,ProS,88,186,72,544,822
20057,"Prosubiculum, dorsal part",ProSd,88,186,72,545,20058
20056,"Prosubiculum, dorsal part, molecular layer",ProSd-m,88,186,72,546,20057
20055,"Prosubiculum, dorsal part, pyramidal layer",ProSd-sp,86,184,75,547,20057
20054,"Prosubiculum, dorsal part, stratum radiatum",ProSd-sr,88,186,72,548,20057
20053,"Prosubiculum, ventral part",ProSv,88,186,72,549,20058
20052,"Prosubiculum, ventral part, molecular layer",ProSv-m,88,186,72,550,20053
20051,"Prosubiculum, ventral part, pyramidal layer",ProSv-sp,86,184,75,551,20053
20050,"Prosubiculum, ventral part, stratum radiatum",Prosv-sr,88,186,72,552,20053
20020,Hippocampo-amygdalar transition area,HATA,51,185,50,553,822
20049,Area prostriata,APr,51,185,50,554,822
703,Cortical subplate,CTXsp,138,218,135,555,688
16,"Layer 6b, isocortex",6b,138,218,135,556,703
583,Claustrum,CLA,138,218,135,557,703
942,Endopiriform nucleus,EP,160,238,157,558,703
952,"Endopiriform nucleus, dorsal part",EPd,160,238,157,559,942
966,"Endopiriform nucleus, ventral part",EPv,160,238,157,560,942
131,Lateral amygdalar nucleus,LA,144,235,141,561,703
295,Basolateral amygdalar nucleus,BLA,157,231,156,562,703
303,"Basolateral amygdalar nucleus, anterior part",BLAa,157,231,156,563,295
311,"Basolateral amygdalar nucleus, posterior part",BLAp,157,231,156,564,295
451,"Basolateral amygdalar nucleus, ventral part",BLAv,157,231,156,565,295
319,Basomedial amygdalar nucleus,BMA,132,234,129,566,703
327,"Basomedial amygdalar nucleus, anterior part",BMAa,132,234,129,567,319
334,"Basomedial amygdalar nucleus, posterior part",BMAp,132,234,129,568,319
780,Posterior amygdalar nucleus,PA,151,236,147,569,703
623,Cerebral nuclei,CNU,152,214,249,570,567
477,Striatum,STR,152,214,249,571,623
485,Striatum dorsal region,STRd,152,214,249,572,477
672,Caudoputamen,CP,152,214,249,573,485
493,Striatum ventral region,STRv,128,205,248,574,477
56,Nucleus accumbens,ACB,128,205,248,575,493
998,Fundus of striatum,FS,128,205,248,576,493
754,Olfactory tubercle,OT,128,205,248,577,493
481,Islands of Calleja,isl,128,205,248,578,754
489,Major island of Calleja,islm,128,205,248,579,754
144,"Olfactory tubercle, layers 1-3",OT1-3,128,205,248,580,754
458,"Olfactory tubercle, molecular layer",OT1,128,205,248,581,754
465,"Olfactory tubercle, pyramidal layer",OT2,128,205,248,582,754
473,"Olfactory tubercle, polymorph layer",OT3,128,205,248,583,754
20036,Lateral strip of striatum,LSS,128,205,248,584,493
275,Lateral septal complex,LSX,144,203,237,585,477
242,Lateral septal nucleus,LS,144,203,237,586,275
250,"Lateral septal nucleus, caudal (caudodorsal) part",LSc,144,203,237,587,242
258,"Lateral septal nucleus, rostral (rostroventral) part",LSr,144,203,237,588,242
266,"Lateral septal nucleus, ventral part",LSv,144,203,237,589,242
310,Septofimbrial nucleus,SF,144,203,237,590,275
333,Septohippocampal nucleus,SH,144,203,237,591,275
278,Striatum-like amygdalar nuclei,sAMY,128,192,226,592,477
23,Anterior amygdalar area,AAA,128,192,226,593,278
292,Bed nucleus of the accessory olfactory tract,BA,128,192,226,594,278
536,Central amygdalar nucleus,CEA,128,192,226,595,278
544,"Central amygdalar nucleus, capsular part",CEAc,128,192,226,596,536
551,"Central amygdalar nucleus, lateral part",CEAl,128,192,226,597,536
559,"Central amygdalar nucleus, medial part",CEAm,128,192,226,598,536
1105,Intercalated amygdalar nucleus,IA,128,192,226,599,278
403,Medial amygdalar nucleus,MEA,128,192,226,600,278
411,"Medial amygdalar nucleus, anterodorsal part",MEAad,128,192,226,601,403
418,"Medial amygdalar nucleus, anteroventral part",MEAav,128,192,226,602,403
426,"Medial amygdalar nucleus, posterodorsal part",MEApd,128,192,226,603,403
472,"Medial amygdalar nucleus, posterodorsal part, sublayer a",MEApd-a,128,192,226,604,426
480,"Medial amygdalar nucleus, posterodorsal part, sublayer b",MEApd-b,128,192,226,605,426
487,"Medial amygdalar nucleus, posterodorsal part, sublayer c",MEApd-c,128,192,226,606,426
435,"Medial amygdalar nucleus, posteroventral part",MEApv,128,192,226,607,403
803,Pallidum,PAL,133,153,204,608,623
818,"Pallidum, dorsal region",PALd,133,153,204,609,803
1022,"Globus pallidus, external segment",GPe,133,153,204,610,818
1031,"Globus pallidus, internal segment",GPi,133,153,204,611,818
835,"Pallidum, ventral region",PALv,162,177,216,612,803
342,Substantia innominata,SI,162,177,216,613,835
298,Magnocellular nucleus,MA,162,177,216,614,835
826,"Pallidum, medial region",PALm,150,167,211,615,803
904,Medial septal complex,MSC,150,167,211,616,826
564,Medial septal nucleus,MS,150,167,211,617,904
596,Diagonal band nucleus,NDB,150,167,211,618,904
581,Triangular nucleus of septum,TRS,150,167,211,619,826
809,"Pallidum, caudal region",PALc,179,192,223,620,803
351,Bed nuclei of the stria terminalis,BST,179,192,223,621,809
359,"Bed nuclei of the stria terminalis, anterior division",BSTa,179,192,223,622,351
537,"Bed nuclei of the stria terminalis, anterior division, anterolateral area",BSTal,179,192,223,623,359
498,"Bed nuclei of the stria terminalis, anterior division, anteromedial area",BSTam,179,192,223,624,359
505,"Bed nuclei of the stria terminalis, anterior division, dorsomedial nucleus",BSTdm,179,192,223,625,359
513,"Bed nuclei of the stria terminalis, anterior division, fusiform nucleus",BSTfu,179,192,223,626,359
546,"Bed nuclei of the stria terminalis, anterior division, juxtacapsular nucleus",BSTju,179,192,223,627,359
521,"Bed nuclei of the stria terminalis, anterior division, magnocellular nucleus",BSTmg,179,192,223,628,359
554,"Bed nuclei of the stria terminalis, anterior division, oval nucleus",BSTov,179,192,223,629,359
562,"Bed nuclei of the stria terminalis, anterior division, rhomboid nucleus",BSTrh,179,192,223,630,359
529,"Bed nuclei of the stria terminalis, anterior division, ventral nucleus",BSTv,179,192,223,631,359
367,"Bed nuclei of the stria terminalis, posterior division",BSTp,179,192,223,632,351
569,"Bed nuclei of the stria terminalis, posterior division, dorsal nucleus",BSTd,179,192,223,633,367
578,"Bed nuclei of the stria terminalis, posterior division, principal nucleus",BSTpr,179,192,223,634,367
585,"Bed nuclei of the stria terminalis, posterior division, interfascicular nucleus",BSTif,179,192,223,635,367
594,"Bed nuclei of the stria terminalis, posterior division, transverse nucleus",BSTtr,179,192,223,636,367
602,"Bed nuclei of the stria terminalis, posterior division, strial extension",BSTse,179,192,223,637,367
287,Bed nucleus of the anterior commissure,BAC,179,192,223,638,809
343,Brain stem,BS,255,112,128,639,8
1129,Interbrain,IB,255,112,128,640,343
549,Thalamus,TH,255,112,128,641,1129
864,"Thalamus, sensory-motor cortex related",DORsm,255,128,132,642,549
637,Ventral group of the dorsal thalamus,VENT,255,128,132,643,864
629,Ventral anterior-lateral complex of the thalamus,VAL,255,128,132,644,637
685,Ventral medial nucleus of the thalamus,VM,255,128,132,645,637
709,Ventral posterior complex of the thalamus,VP,255,128,132,646,637
718,Ventral posterolateral nucleus of the thalamus,VPL,255,128,132,647,709
725,"Ventral posterolateral nucleus of the thalamus, parvicellular part",VPLpc,255,128,132,648,709
733,Ventral posteromedial nucleus of the thalamus,VPM,255,128,132,649,709
741,"Ventral posteromedial nucleus of the thalamus, parvicellular part",VPMpc,255,128,132,650,709
20024,Posterior triangular thalamic nucleus,PoT,255,128,132,651,637
406,Subparafascicular nucleus,SPF,255,128,132,652,864
414,"Subparafascicular nucleus, magnocellular part",SPFm,255,128,132,653,406
422,"Subparafascicular nucleus, parvicellular part",SPFp,255,128,132,654,406
609,Subparafascicular area,SPA,255,128,132,655,864
1044,Peripeduncular nucleus,PP,255,128,132,656,864
1008,"Geniculate group, dorsal thalamus",GENd,255,128,132,657,864
475,Medial geniculate complex,MG,255,128,132,658,1008
1072,"Medial geniculate complex, dorsal part",MGd,255,128,132,659,475
1079,"Medial geniculate complex, ventral part",MGv,255,128,132,660,475
1088,"Medial geniculate complex, medial part",MGm,255,128,132,661,475
170,Dorsal part of the lateral geniculate complex,LGd,255,128,132,662,1008
20043,"Dorsal part of the lateral geniculate complex, shell",LGd-sh,255,128,132,663,170
20042,"Dorsal part of the lateral geniculate complex, core",LGd-co,255,128,132,664,170
20041,"Dorsal part of the lateral geniculate complex, ipsilateral zone",LGd-ip,255,128,132,665,170
856,"Thalamus, polymodal association cortex related",DORpm,255,144,159,666,549
138,Lateral group of the dorsal thalamus,LAT,255,144,159,667,856
218,Lateral posterior nucleus of the thalamus,LP,255,144,159,668,138
1020,Posterior complex of the thalamus,PO,255,144,159,669,138
1029,Posterior limiting nucleus of the thalamus,POL,255,144,159,670,138
325,Suprageniculate nucleus,SGN,255,144,159,671,138
20028,Ethmoid nucleus of the thalamus,Eth,255,144,159,672,138
20027,Retroethmoid nucleus,REth,255,144,159,673,138
239,Anterior group of the dorsal thalamus,ATN,255,144,159,674,856
255,Anteroventral nucleus of thalamus,AV,255,144,159,675,239
127,Anteromedial nucleus,AM,255,144,159,676,239
1096,"Anteromedial nucleus, dorsal part",AMd,255,144,159,677,127
1104,"Anteromedial nucleus, ventral part",AMv,255,144,159,678,127
64,Anterodorsal nucleus,AD,255,144,159,679,239
1120,Interanteromedial nucleus of the thalamus,IAM,255,144,159,680,239
1113,Interanterodorsal nucleus of the thalamus,IAD,255,144,159,681,239
155,Lateral dorsal nucleus of thalamus,LD,255,144,159,682,239
444,Medial group of the dorsal thalamus,MED,255,144,159,683,856
59,Intermediodorsal nucleus of the thalamus,IMD,255,144,159,684,444
362,Mediodorsal nucleus of thalamus,MD,255,144,159,685,444
617,"Mediodorsal nucleus of the thalamus, central part",MDc,255,144,159,686,362
626,"Mediodorsal nucleus of the thalamus, lateral part",MDl,255,144,159,687,362
636,"Mediodorsal nucleus of the thalamus, medial part",MDm,255,144,159,688,362
366,Submedial nucleus of the thalamus,SMT,255,144,159,689,444
1077,Perireunensis nucleus,PR,255,144,159,690,444
571,Midline group of the dorsal thalamus,MTN,255,144,159,691,856
149,Paraventricular nucleus of the thalamus,PVT,255,144,159,692,571
15,Parataenial nucleus,PT,255,144,159,693,571
181,Nucleus of reuniens,RE,255,144,159,694,571
20026,Xiphoid thalamic nucleus,Xi,255,144,159,695,571
51,Intralaminar nuclei of the dorsal thalamus,ILM,255,144,159,696,856
189,Rhomboid nucleus,RH,255,144,159,697,51
599,Central medial nucleus of the thalamus,CM,255,144,159,698,51
907,Paracentral nucleus,PCN,255,144,159,699,51
575,Central lateral nucleus of the thalamus,CL,255,144,159,700,51
930,Parafascicular nucleus,PF,255,144,159,701,51
20025,Posterior intralaminar thalamic nucleus,PIL,255,144,159,702,51
262,Reticular nucleus of the thalamus,RT,255,144,159,703,856
1014,"Geniculate group, ventral thalamus",GENv,255,144,159,704,856
27,Intergeniculate leaflet of the lateral geniculate complex,IGL,255,144,159,705,1014
20023,Intermediate geniculate nucleus,IntG,255,144,159,706,1014
178,Ventral part of the lateral geniculate complex,LGv,255,144,159,707,1014
300,"Ventral part of the lateral geniculate complex, lateral zone",LGvl,255,144,159,708,178
316,"Ventral part of the lateral geniculate complex, medial zone",LGvm,255,144,159,709,178
321,Subgeniculate nucleus,SubG,255,144,159,710,1014
958,Epithalamus,EPI,255,144,159,711,856
483,Medial habenula,MH,255,144,159,712,958
186,Lateral habenula,LH,255,144,159,713,958
953,Pineal body,PIN,255,144,159,714,958
1097,Hypothalamus,HY,230,68,56,715,1129
157,Periventricular zone,PVZ,255,93,80,716,1097
390,Supraoptic nucleus,SO,255,93,80,717,157
332,Accessory supraoptic group,ASO,255,93,80,718,157
432,Nucleus circularis,NC,255,93,80,719,332
38,Paraventricular hypothalamic nucleus,PVH,255,93,80,720,157
71,"Paraventricular hypothalamic nucleus, magnocellular division",PVHm,255,93,80,721,38
47,"Paraventricular hypothalamic nucleus, magnocellular division, anterior magnocellular part",PVHam,255,93,80,722,71
79,"Paraventricular hypothalamic nucleus, magnocellular division, medial magnocellular part",PVHmm,255,93,80,723,71
103,"Paraventricular hypothalamic nucleus, magnocellular division, posterior magnocellular part",PVHpm,255,93,80,724,71
652,"Paraventricular hypothalamic nucleus, magnocellular division, posterior magnocellular part, lateral zone",PVHpml,255,93,80,725,103
660,"Paraventricular hypothalamic nucleus, magnocellular division, posterior magnocellular part, medial zone",PVHpmm,255,93,80,726,103
94,"Paraventricular hypothalamic nucleus, parvicellular division",PVHp,255,93,80,727,38
55,"Paraventricular hypothalamic nucleus, parvicellular division, anterior parvicellular part",PVHap,255,93,80,728,94
87,"Paraventricular hypothalamic nucleus, parvicellular division, medial parvicellular part, dorsal zone",PVHmpd,255,93,80,729,94
110,"Paraventricular hypothalamic nucleus, parvicellular division, periventricular part",PVHpv,255,93,80,730,94
30,"Periventricular hypothalamic nucleus, anterior part",PVa,255,93,80,731,157
118,"Periventricular hypothalamic nucleus, intermediate part",PVi,255,93,80,732,157
223,Arcuate hypothalamic nucleus,ARH,255,93,80,733,157
141,Periventricular region,PVR,255,85,71,734,1097
72,Anterodorsal preoptic nucleus,ADP,255,85,71,735,141
80,Anterior hypothalamic area,AHA,255,85,71,736,141
263,Anteroventral preoptic nucleus,AVP,255,85,71,737,141
272,Anteroventral periventricular nucleus,AVPV,255,85,71,738,141
830,Dorsomedial nucleus of the hypothalamus,DMH,255,85,71,739,141
668,"Dorsomedial nucleus of the hypothalamus, anterior part",DMHa,255,85,71,740,830
676,"Dorsomedial nucleus of the hypothalamus, posterior part",DMHp,255,85,71,741,830
684,"Dorsomedial nucleus of the hypothalamus, ventral part",DMHv,255,85,71,742,830
452,Median preoptic nucleus,MEPO,255,85,71,743,141
523,Medial preoptic area,MPO,255,85,71,744,141
763,Vascular organ of the lamina terminalis,OV,255,85,71,745,141
914,Posterodorsal preoptic nucleus,PD,255,85,71,746,141
1109,Parastrial nucleus,PS,255,85,71,747,141
1124,Suprachiasmatic preoptic nucleus,PSCH,255,85,71,748,141
126,"Periventricular hypothalamic nucleus, posterior part",PVp,255,85,71,749,141
133,"Periventricular hypothalamic nucleus, preoptic part",PVpo,255,85,71,750,141
347,Subparaventricular zone,SBPV,255,85,71,751,141
286,Suprachiasmatic nucleus,SCH,255,85,71,752,141
338,Subfornical organ,SFO,255,85,71,753,141
20022,Ventromedial preoptic nucleus,VMPO,255,85,71,754,141
689,Ventrolateral preoptic nucleus,VLPO,255,85,71,755,141
467,Hypothalamic medial zone,MEZ,255,76,62,756,1097
88,Anterior hypothalamic nucleus,AHN,255,76,62,757,467
700,"Anterior hypothalamic nucleus, anterior part",AHNa,255,76,62,758,88
708,"Anterior hypothalamic nucleus, central part",AHNc,255,76,62,759,88
716,"Anterior hypothalamic nucleus, dorsal part",AHNd,255,76,62,760,88
724,"Anterior hypothalamic nucleus, posterior part",AHNp,255,76,62,761,88
331,Mammillary body,MBO,255,76,62,762,467
210,Lateral mammillary nucleus,LM,255,76,62,763,331
491,Medial mammillary nucleus,MM,255,76,62,764,331
732,"Medial mammillary nucleus, median part",MMme,255,76,62,765,491
20015,"Medial mammillary nucleus, lateral part",MMl,255,76,62,766,491
20014,"Medial mammillary nucleus, medial part",MMm,255,76,62,767,491
20013,"Medial mammillary nucleus, posterior part",MMp,255,76,62,768,491
20012,"Medial mammillary nucleus, dorsal part",MMd,255,76,62,769,491
525,Supramammillary nucleus,SUM,255,76,62,770,331
1110,"Supramammillary nucleus, lateral part",SUMl,255,76,62,771,525
1118,"Supramammillary nucleus, medial part",SUMm,255,76,62,772,525
557,Tuberomammillary nucleus,TM,255,76,62,773,331
1126,"Tuberomammillary nucleus, dorsal part",TMd,255,76,62,774,557
1,"Tuberomammillary nucleus, ventral part",TMv,255,76,62,775,557
515,Medial preoptic nucleus,MPN,255,76,62,776,467
740,"Medial preoptic nucleus, central part",MPNc,255,76,62,777,515
748,"Medial preoptic nucleus, lateral part",MPNl,255,76,62,778,515
756,"Medial preoptic nucleus, medial part",MPNm,255,76,62,779,515
980,Dorsal premammillary nucleus,PMd,255,76,62,780,467
1004,Ventral premammillary nucleus,PMv,255,76,62,781,467
63,"Paraventricular hypothalamic nucleus, descending division",PVHd,255,76,62,782,467
439,"Paraventricular hypothalamic nucleus, descending division, dorsal parvicellular part",PVHdp,255,76,62,783,63
447,"Paraventricular hypothalamic nucleus, descending division, forniceal part",PVHf,255,76,62,784,63
455,"Paraventricular hypothalamic nucleus, descending division, lateral parvicellular part",PVHlp,255,76,62,785,63
464,"Paraventricular hypothalamic nucleus, descending division, medial parvicellular part, ventral zone",PVHmpv,255,76,62,786,63
693,Ventromedial hypothalamic nucleus,VMH,255,76,62,787,467
761,"Ventromedial hypothalamic nucleus, anterior part",VMHa,255,76,62,788,693
769,"Ventromedial hypothalamic nucleus, central part",VMHc,255,76,62,789,693
777,"Ventromedial hypothalamic nucleus, dorsomedial part",VMHdm,255,76,62,790,693
785,"Ventromedial hypothalamic nucleus, ventrolateral part",VMHvl,255,76,62,791,693
946,Posterior hypothalamic nucleus,PH,255,76,62,792,467
290,Hypothalamic lateral zone,LZ,242,72,59,793,1097
194,Lateral hypothalamic area,LHA,242,72,59,794,290
226,Lateral preoptic area,LPO,242,72,59,795,290
356,Preparasubthalamic nucleus,PST,242,72,59,796,290
364,Parasubthalamic nucleus,PSTN,242,72,59,797,290
20021,Perifornical nucleus,PeF,242,72,59,798,290
173,Retrochiasmatic area,RCH,242,72,59,799,290
470,Subthalamic nucleus,STN,242,72,59,800,290
614,Tuberal nucleus,TU,242,72,59,801,290
797,Zona incerta,ZI,242,72,59,802,290
796,Dopaminergic A13 group,A13,242,72,59,803,797
804,Fields of Forel,FF,242,72,59,804,797
10671,Median eminence,ME,242,72,59,805,1097
313,Midbrain,MB,255,100,255,806,343
339,"Midbrain, sensory related",MBsen,255,122,255,807,313
302,"Superior colliculus, sensory related",SCs,255,122,255,808,339
851,"Superior colliculus, optic layer",SCop,255,122,255,809,302
842,"Superior colliculus, superficial gray layer",SCsg,255,122,255,810,302
834,"Superior colliculus, zonal layer",SCzo,255,122,255,811,302
4,Inferior colliculus,IC,255,122,255,812,339
811,"Inferior colliculus, central nucleus",ICc,255,122,255,813,4
820,"Inferior colliculus, dorsal nucleus",ICd,255,122,255,814,4
828,"Inferior colliculus, external nucleus",ICe,255,122,255,815,4
580,Nucleus of the brachium of the inferior colliculus,NB,255,122,255,816,339
271,Nucleus sagulum,SAG,255,122,255,817,339
874,Parabigeminal nucleus,PBG,255,122,255,818,339
460,Midbrain trigeminal nucleus,MEV,255,122,255,819,339
20017,Subcommissural organ,SCO,255,122,255,820,339
323,"Midbrain, motor related",MBmot,255,144,255,821,313
381,"Substantia nigra, reticular part",SNr,255,144,255,822,323
749,Ventral tegmental area,VTA,255,144,255,823,323
20010,Paranigral nucleus,PN,255,144,255,824,323
246,"Midbrain reticular nucleus, retrorubral area",RR,255,144,255,825,323
128,Midbrain reticular nucleus,MRN,255,144,255,826,323
539,"Midbrain reticular nucleus, magnocellular part",MRNm,255,144,255,827,128
548,"Midbrain reticular nucleus, magnocellular part, general",MRNmg,255,144,255,828,128
555,"Midbrain reticular nucleus, parvicellular part",MRNp,255,144,255,829,128
294,"Superior colliculus, motor related",SCm,255,144,255,830,323
26,"Superior colliculus, motor related, deep gray layer",SCdg,255,144,255,831,294
42,"Superior colliculus, motor related, deep white layer",SCdw,255,144,255,832,294
17,"Superior colliculus, motor related, intermediate white layer",SCiw,255,144,255,833,294
10,"Superior colliculus, motor related, intermediate gray layer",SCig,255,144,255,834,294
494,"Superior colliculus, motor related, intermediate gray layer, sublayer a",SCig-a,255,144,255,835,10
503,"Superior colliculus, motor related, intermediate gray layer, sublayer b",SCig-b,255,144,255,836,10
511,"Superior colliculus, motor related, intermediate gray layer, sublayer c",SCig-c,255,144,255,837,10
795,Periaqueductal gray,PAG,255,144,255,838,323
50,Precommissural nucleus,PRC,255,144,255,839,795
67,Interstitial nucleus of Cajal,INC,255,144,255,840,795
587,Nucleus of Darkschewitsch,ND,255,144,255,841,795
20001,Supraoculomotor periaqueductal gray,Su3,255,144,255,842,795
1100,Pretectal region,PRT,255,144,255,843,323
215,Anterior pretectal nucleus,APN,255,144,255,844,1100
531,Medial pretectal area,MPT,255,144,255,845,1100
628,Nucleus of the optic tract,NOT,255,144,255,846,1100
634,Nucleus of the posterior commissure,NPC,255,144,255,847,1100
706,Olivary pretectal nucleus,OP,255,144,255,848,1100
1061,Posterior pretectal nucleus,PPT,255,144,255,849,1100
20035,Retroparafascicular nucleus,RPF,255,144,255,850,1100
20034,Intercollicular nucleus,InCo,255,144,255,851,323
616,Cuneiform nucleus,CUN,255,144,255,852,323
214,Red nucleus,RN,255,144,255,853,323
35,Oculomotor nucleus,III,255,144,255,854,323
20033,Medial accesory oculomotor nucleus,MA3,255,144,255,855,323
975,Edinger-Westphal nucleus,EW,255,144,255,856,323
115,Trochlear nucleus,IV,255,144,255,857,323
20011,Paratrochlear nucleus,Pa4,255,144,255,858,323
757,Ventral tegmental nucleus,VTN,255,144,255,859,323
231,Anterior tegmental nucleus,AT,255,144,255,860,323
66,Lateral terminal nucleus of the accessory optic tract,LT,255,144,255,861,323
75,Dorsal terminal nucleus of the accessory optic tract,DT,255,144,255,862,323
58,Medial terminal nucleus of the accessory optic tract,MT,255,144,255,863,323
615,"Substantia nigra, lateral part",SNl,255,144,255,864,323
348,"Midbrain, behavioral state related",MBsta,255,144,255,865,313
374,"Substantia nigra, compact part",SNc,255,166,255,866,348
1052,Pedunculopontine nucleus,PPN,255,166,255,867,348
165,Midbrain raphe nuclei,RAmb,255,166,255,868,348
12,Interfascicular nucleus raphe,IF,255,166,255,869,165
100,Interpeduncular nucleus,IPN,255,166,255,870,165
20009,"Interpeduncular nucleus, rostral",IPR,255,166,255,871,100
20008,"Interpeduncular nucleus, caudal",IPC,255,166,255,872,100
20007,"Interpeduncular nucleus, apical",IPA,255,166,255,873,100
20006,"Interpeduncular nucleus, lateral",IPL,255,166,255,874,100
20005,"Interpeduncular nucleus, intermediate",IPI,255,166,255,875,100
20004,"Interpeduncular nucleus, dorsomedial",IPDM,255,166,255,876,100
20003,"Interpeduncular nucleus, dorsolateral",IPDL,255,166,255,877,100
20002,"Interpeduncular nucleus, rostrolateral",IPRL,255,166,255,878,100
197,Rostral linear nucleus raphe,RL,255,166,255,879,165
591,Central linear nucleus raphe,CLI,255,166,255,880,165
872,Dorsal nucleus raphe,DR,255,166,255,881,165
1065,Hindbrain,HB,255,155,136,882,343
771,Pons,P,255,155,136,883,1065
1132,"Pons, sensory related",P-sen,255,174,111,884,771
612,Nucleus of the lateral lemniscus,NLL,255,174,111,885,1132
82,"Nucleus of the lateral lemniscus, dorsal part",NLLd,255,174,111,886,612
90,"Nucleus of the lateral lemniscus, horizontal part",NLLh,255,174,111,887,612
99,"Nucleus of the lateral lemniscus, ventral part",NLLv,255,174,111,888,612
7,Principal sensory nucleus of the trigeminal,PSV,255,174,111,889,1132
867,Parabrachial nucleus,PB,255,174,111,890,1132
123,Koelliker-Fuse subnucleus,KF,255,174,111,891,867
881,"Parabrachial nucleus, lateral division",PBl,255,174,111,892,867
860,"Parabrachial nucleus, lateral division, central lateral part",PBlc,255,174,111,893,881
868,"Parabrachial nucleus, lateral division, dorsal lateral part",PBld,255,174,111,894,881
875,"Parabrachial nucleus, lateral division, external lateral part",PBle,255,174,111,895,881
883,"Parabrachial nucleus, lateral division, superior lateral part",PBls,255,174,111,896,881
891,"Parabrachial nucleus, lateral division, ventral lateral part",PBlv,255,174,111,897,881
890,"Parabrachial nucleus, medial division",PBm,255,174,111,898,867
899,"Parabrachial nucleus, medial division, external medial part",PBme,255,174,111,899,890
915,"Parabrachial nucleus, medial division, medial medial part",PBmm,255,174,111,900,890
923,"Parabrachial nucleus, medial division, ventral medial part",PBmv,255,174,111,901,890
398,Superior olivary complex,SOC,255,174,111,902,1132
122,"Superior olivary complex, periolivary region",POR,255,174,111,903,398
105,"Superior olivary complex, medial part",SOCm,255,174,111,904,398
114,"Superior olivary complex, lateral part",SOCl,255,174,111,905,398
987,"Pons, motor related",P-mot,255,186,134,906,771
280,Barrington's nucleus,B,255,186,134,907,987
880,Dorsal tegmental nucleus,DTN,255,186,134,908,987
283,Lateral tegmental nucleus,LTN,255,186,134,909,987
20016,Posterodorsal tegmental nucleus,PDTg,255,186,134,910,987
898,Pontine central gray,PCG,255,186,134,911,987
931,Pontine gray,PG,255,186,134,912,987
1093,"Pontine reticular nucleus, caudal part",PRNc,255,186,134,913,987
552,"Pontine reticular nucleus, ventral part",PRNv,255,186,134,914,987
318,Supragenual nucleus,SG,255,186,134,915,987
462,Superior salivatory nucleus,SSN,255,186,134,916,987
534,Supratrigeminal nucleus,SUT,255,186,134,917,987
574,Tegmental reticular nucleus,TRN,255,186,134,918,987
621,Motor nucleus of trigeminal,V,255,186,134,919,987
20032,Peritrigeminal zone,P5,255,186,134,920,987
20031,Accessory trigeminal nucleus,Acs5,255,186,134,921,987
20030,Parvicellular motor 5 nucleus,PC5,255,186,134,922,987
20029,Intertrigeminal nucleus,I5,255,186,134,923,987
1117,"Pons, behavioral state related",P-sat,255,195,149,924,771
679,Superior central nucleus raphe,CS,255,195,149,925,1117
137,"Superior central nucleus raphe, lateral part",CSl,255,195,149,926,679
130,"Superior central nucleus raphe, medial part",CSm,255,195,149,927,679
147,Locus ceruleus,LC,255,195,149,928,1117
162,Laterodorsal tegmental nucleus,LDT,255,195,149,929,1117
604,Nucleus incertus,NI,255,195,149,930,1117
146,Pontine reticular nucleus,PRNr,255,195,149,931,1117
238,Nucleus raphe pontis,RPO,255,195,149,932,1117
350,Subceruleus nucleus,SLC,255,195,149,933,1117
358,Sublaterodorsal nucleus,SLD,255,195,149,934,1117
354,Medulla,MY,255,155,205,935,1065
386,"Medulla, sensory related",MY-sen,255,165,210,936,354
207,Area postrema,AP,255,165,210,937,386
607,Cochlear nuclei,CN,255,165,210,938,386
112,Granular lamina of the cochlear nuclei,CNlam,255,165,210,939,607
560,"Cochlear nucleus, subpedunclular granular region",CNspg,255,165,210,940,607
96,Dorsal cochlear nucleus,DCO,255,165,210,941,607
101,Ventral cochlear nucleus,VCO,255,165,210,942,607
720,Dorsal column nuclei,DCN,255,165,210,943,386
711,Cuneate nucleus,CU,255,165,210,944,720
1039,Gracile nucleus,GR,255,165,210,945,720
903,External cuneate nucleus,ECU,255,165,210,946,386
642,Nucleus of the trapezoid body,NTB,255,165,210,947,386
651,Nucleus of the solitary tract,NTS,255,165,210,948,386
659,"Nucleus of the solitary tract, central part",NTSce,255,165,210,949,651
666,"Nucleus of the solitary tract, commissural part",NTSco,255,165,210,950,651
674,"Nucleus of the solitary tract, gelatinous part",NTSge,255,165,210,951,651
682,"Nucleus of the solitary tract, lateral part",NTSl,255,165,210,952,651
691,"Nucleus of the solitary tract, medial part",NTSm,255,165,210,953,651
429,"Spinal nucleus of the trigeminal, caudal part",SPVC,255,165,210,954,386
437,"Spinal nucleus of the trigeminal, interpolar part",SPVI,255,165,210,955,386
445,"Spinal nucleus of the trigeminal, oral part",SPVO,255,165,210,956,386
77,"Spinal nucleus of the trigeminal, oral part, caudal dorsomedial part",SPVOcdm,255,165,210,957,445
53,"Spinal nucleus of the trigeminal, oral part, middle dorsomedial part, dorsal zone",SPVOmdmd,255,165,210,958,445
61,"Spinal nucleus of the trigeminal, oral part, middle dorsomedial part, ventral zone",SPVOmdmv,255,165,210,959,445
45,"Spinal nucleus of the trigeminal, oral part, rostral dorsomedial part",SPVOrdm,255,165,210,960,445
69,"Spinal nucleus of the trigeminal, oral part, ventrolateral part",SPVOvl,255,165,210,961,445
20019,Paratrigeminal nucleus,Pa5,255,165,210,962,386
789,Nucleus z,z,255,165,210,963,386
370,"Medulla, motor related",MY-mot,255,179,217,964,354
653,Abducens nucleus,VI,255,179,217,965,370
568,Accessory abducens nucleus,ACVI,255,179,217,966,370
661,Facial motor nucleus,VII,255,179,217,967,370
576,Accessory facial motor nucleus,ACVII,255,179,217,968,370
640,Efferent vestibular nucleus,EV,255,179,217,969,370
135,Nucleus ambiguus,AMB,255,179,217,970,370
939,"Nucleus ambiguus, dorsal division",AMBd,255,179,217,971,135
143,"Nucleus ambiguus, ventral division",AMBv,255,179,217,972,135
839,Dorsal motor nucleus of the vagus nerve,DMX,255,179,217,973,370
887,Efferent cochlear group,ECO,255,179,217,974,370
1048,Gigantocellular reticular nucleus,GRN,255,179,217,975,370
372,Infracerebellar nucleus,ICB,255,179,217,976,370
83,Inferior olivary complex,IO,255,179,217,977,370
136,Intermediate reticular nucleus,IRN,255,179,217,978,370
106,Inferior salivatory nucleus,ISN,255,179,217,979,370
203,Linear nucleus of the medulla,LIN,255,179,217,980,370
235,Lateral reticular nucleus,LRN,255,179,217,981,370
955,"Lateral reticular nucleus, magnocellular part",LRNm,255,179,217,982,235
963,"Lateral reticular nucleus, parvicellular part",LRNp,255,179,217,983,235
307,Magnocellular reticular nucleus,MARN,255,179,217,984,370
395,Medullary reticular nucleus,MDRN,255,179,217,985,370
1098,"Medullary reticular nucleus, dorsal part",MDRNd,255,179,217,986,395
1107,"Medullary reticular nucleus, ventral part",MDRNv,255,179,217,987,395
852,Parvicellular reticular nucleus,PARN,255,179,217,988,370
859,Parasolitary nucleus,PAS,255,179,217,989,370
938,Paragigantocellular reticular nucleus,PGRN,255,179,217,990,370
970,"Paragigantocellular reticular nucleus, dorsal part",PGRNd,255,179,217,991,938
978,"Paragigantocellular reticular nucleus, lateral part",PGRNl,255,179,217,992,938
154,Perihypoglossal nuclei,PHY,255,179,217,993,370
161,Nucleus intercalatus,NIS,255,179,217,994,154
177,Nucleus of Roller,NR,255,179,217,995,154
169,Nucleus prepositus,PRP,255,179,217,996,154
995,Paramedian reticular nucleus,PMR,255,179,217,997,370
1069,Parapyramidal nucleus,PPY,255,179,217,998,370
185,"Parapyramidal nucleus, deep part",PPYd,255,179,217,999,1069
193,"Parapyramidal nucleus, superficial part",PPYs,255,179,217,1000,1069
701,Vestibular nuclei,VNC,255,179,217,1001,370
209,Lateral vestibular nucleus,LAV,255,179,217,1002,701
202,Medial vestibular nucleus,MV,255,179,217,1003,701
225,Spinal vestibular nucleus,SPIV,255,179,217,1004,701
217,Superior vestibular nucleus,SUV,255,179,217,1005,701
765,Nucleus x,x,255,179,217,1006,370
773,Hypoglossal nucleus,XII,255,179,217,1007,370
781,Nucleus y,y,255,179,217,1008,370
76,Interstitial nucleus of the vestibular nerve,INV,255,179,217,1009,370
379,"Medulla, behavioral state related",MY-sat,255,198,226,1010,354
206,Nucleus raphe magnus,RM,255,198,226,1011,379
230,Nucleus raphe pallidus,RPA,255,198,226,1012,379
222,Nucleus raphe obscurus,RO,255,198,226,1013,379
512,Cerebellum,CB,240,240,128,1014,8
528,Cerebellar cortex,CBX,240,240,128,1015,512
1144,"Cerebellar cortex, molecular layer",CBXmo,255,252,145,1016,528
1145,"Cerebellar cortex, Purkinje layer",CBXpu,255,252,145,1017,528
1143,"Cerebellar cortex, granular layer",CBXgr,236,231,84,1018,528
645,Vermal regions,VERM,255,252,145,1019,528
912,Lingula (I),LING,255,252,145,1020,645
10707,"Lingula (I), molecular layer",LINGmo,255,252,145,1021,912
10706,"Lingula (I), Purkinje layer",LINGpu,255,252,145,1022,912
10705,"Lingula (I), granular layer",LINGgr,236,231,84,1023,912
920,Central lobule,CENT,255,252,145,1024,645
976,Lobule II,CENT2,255,252,145,1025,920
10710,"Lobule II, molecular layer",CENT2mo,255,252,145,1026,976
10709,"Lobule II, Purkinje layer",CENT2pu,255,252,145,1027,976
10708,"Lobule II, granular layer",CENT2gr,236,231,84,1028,976
984,Lobule III,CENT3,255,252,145,1029,920
10713,"Lobule III, molecular layer",CENT3mo,255,252,145,1030,984
10712,"Lobule III, Purkinje layer",CENT3pu,255,252,145,1031,984
10711,"Lobule III, granular layer",CENT3gr,236,231,84,1032,984
928,Culmen,CUL,255,252,145,1033,645
992,Lobule IV,CUL4,255,252,145,1034,928
10716,"Lobule IV, molecular layer",CUL4mo,255,252,145,1035,992
10715,"Lobule IV, Purkinje layer",CUL4pu,255,252,145,1036,992
10714,"Lobule IV, granular layer",CUL4gr,236,231,84,1037,992
1001,Lobule V,CUL5,255,252,145,1038,928
10719,"Lobule V, molecular layer",CUL5mo,255,252,145,1039,1001
10718,"Lobule V, Purkinje layer",CUL5pu,255,252,145,1040,1001
10717,"Lobule V, granular layer",CUL5gr,236,231,84,1041,1001
1091,Lobules IV-V,"CUL4, 5",255,252,145,1042,928
10722,"Lobules IV-V, molecular layer","CUL4, 5mo",255,252,145,1043,1091
10721,"Lobules IV-V, Purkinje layer","CUL4, 5pu",255,252,145,1044,1091
10720,"Lobules IV-V, granular layer","CUL4, 5gr",236,231,84,1045,1091
936,Declive (VI),DEC,255,252,145,1046,645
10725,"Declive (VI), molecular layer",DECmo,255,252,145,1047,936
10724,"Declive (VI), Purkinje layer",DECpu,255,252,145,1048,936
10723,"Declive (VI), granular layer",DECgr,236,231,84,1049,936
944,Folium-tuber vermis (VII),FOTU,255,252,145,1050,645
10728,"Folium-tuber vermis (VII), molecular layer",FOTUmo,255,252,145,1051,944
10727,"Folium-tuber vermis (VII), Purkinje layer",FOTUpu,255,252,145,1052,944
10726,"Folium-tuber vermis (VII), granular layer",FOTUgr,236,231,84,1053,944
951,Pyramus (VIII),PYR,255,252,145,1054,645
10731,"Pyramus (VIII), molecular layer",PYRmo,255,252,145,1055,951
10730,"Pyramus (VIII), Purkinje layer",PYRpu,255,252,145,1056,951
10729,"Pyramus (VIII), granular layer",PYRgr,236,231,84,1057,951
957,Uvula (IX),UVU,255,252,145,1058,645
10734,"Uvula (IX), molecular layer",UVUmo,255,252,145,1059,957
10733,"Uvula (IX), Purkinje layer",UVUpu,255,252,145,1060,957
10732,"Uvula (IX), granular layer",UVUgr,236,231,84,1061,957
968,Nodulus (X),NOD,255,252,145,1062,645
10737,"Nodulus (X), molecular layer",NODmo,255,252,145,1063,968
10736,"Nodulus (X), Purkinje layer",NODpu,255,252,145,1064,968
10735,"Nodulus (X), granular layer",NODgr,236,231,84,1065,968
1073,Hemispheric regions,HEM,255,252,145,1066,528
1007,Simple lobule,SIM,255,252,145,1067,1073
10674,"Simple lobule, molecular layer",SIMmo,255,252,145,1068,1007
10673,"Simple lobule, Purkinje layer",SIMpu,255,252,145,1069,1007
10672,"Simple lobule, granular layer",SIMgr,236,231,84,1070,1007
1017,Ansiform lobule,AN,255,252,145,1071,1073
1056,Crus 1,ANcr1,255,252,145,1072,1017
10677,"Crus 1, molecular layer",ANcr1mo,255,252,145,1073,1056
10676,"Crus 1, Purkinje layer",ANcr1pu,255,252,145,1074,1056
10675,"Crus 1, granular layer",ANcr1gr,236,231,84,1075,1056
1064,Crus 2,ANcr2,255,252,145,1076,1017
10680,"Crus 2, molecular layer",ANcr2mo,255,252,145,1077,1064
10679,"Crus 2, Purkinje layer",ANcr2pu,255,252,145,1078,1064
10678,"Crus 2, granular layer",ANcr2gr,236,231,84,1079,1064
1025,Paramedian lobule,PRM,255,252,145,1080,1073
10683,"Paramedian lobule, molecular layer",PRMmo,255,252,145,1081,1025
10682,"Paramedian lobule, Purkinje layer",PRMpu,255,252,145,1082,1025
10681,"Paramedian lobule, granular layer",PRMgr,236,231,84,1083,1025
1033,Copula pyramidis,COPY,255,252,145,1084,1073
10686,"Copula pyramidis, molecular layer",COPYmo,255,252,145,1085,1033
10685,"Copula pyramidis, Purkinje layer",COPYpu,255,252,145,1086,1033
10684,"Copula pyramidis, granular layer",COPYgr,236,231,84,1087,1033
1041,Paraflocculus,PFL,255,252,145,1088,1073
10689,"Paraflocculus, molecular layer",PFLmo,255,252,145,1089,1041
10688,"Paraflocculus, Purkinje layer",PFLpu,255,252,145,1090,1041
10687,"Paraflocculus, granular layer",PFLgr,236,231,84,1091,1041
1049,Flocculus,FL,255,252,145,1092,1073
10692,"Flocculus, molecular layer",FLmo,255,252,145,1093,1049
10691,"Flocculus, Purkinje layer",FLpu,255,252,145,1094,1049
10690,"Flocculus, granular layer",FLgr,236,231,84,1095,1049
519,Cerebellar nuclei,CBN,240,240,128,1096,512
989,Fastigial nucleus,FN,255,253,188,1097,519
91,Interposed nucleus,IP,255,253,188,1098,519
846,Dentate nucleus,DN,255,253,188,1099,519
20018,Vestibulocerebellar nucleus,VeCB,255,253,188,1100,519
1009,fiber tracts,fiber tracts,204,204,204,1101,997
967,cranial nerves,cm,204,204,204,1102,1009
885,terminal nerve,tn,204,204,204,1103,967
949,vomeronasal nerve,von,204,204,204,1104,967
840,olfactory nerve,In,204,204,204,1105,967
1016,olfactory nerve layer of main olfactory bulb,onl,204,204,204,1106,840
21,"lateral olfactory tract, general",lotg,204,204,204,1107,840
665,"lateral olfactory tract, body",lot,204,204,204,1108,21
538,dorsal limb,lotd,204,204,204,1109,21
459,accessory olfactory tract,aolt,204,204,204,1110,21
900,"anterior commissure, olfactory limb",aco,204,204,204,1111,840
848,optic nerve,IIn,204,204,204,1112,967
876,accessory optic tract,aot,204,204,204,1113,848
916,brachium of the superior colliculus,bsc,204,204,204,1114,848
336,superior colliculus commissure,csc,204,204,204,1115,848
117,optic chiasm,och,204,204,204,1116,848
125,optic tract,opt,204,204,204,1117,848
357,tectothalamic pathway,ttp,204,204,204,1118,848
832,oculomotor nerve,IIIn,204,204,204,1119,967
62,medial longitudinal fascicle,mlf,204,204,204,1120,832
158,posterior commissure,pc,204,204,204,1121,832
911,trochlear nerve,IVn,204,204,204,1122,967
384,trochlear nerve decussation,IVd,204,204,204,1123,911
710,abducens nerve,VIn,204,204,204,1124,967
901,trigeminal nerve,Vn,204,204,204,1125,967
93,motor root of the trigeminal nerve,moV,204,204,204,1126,901
229,sensory root of the trigeminal nerve,sV,204,204,204,1127,901
705,midbrain tract of the trigeminal nerve,mtV,204,204,204,1128,229
794,spinal tract of the trigeminal nerve,sptV,204,204,204,1129,229
798,facial nerve,VIIn,204,204,204,1130,967
1131,intermediate nerve,iVIIn,204,204,204,1131,798
1116,genu of the facial nerve,gVIIn,204,204,204,1132,798
933,vestibulocochlear nerve,VIIIn,204,204,204,1133,967
1076,efferent cochleovestibular bundle,cvb,204,204,204,1134,933
413,vestibular nerve,vVIIIn,204,204,204,1135,933
948,cochlear nerve,cVIIIn,204,204,204,1136,933
841,trapezoid body,tb,204,204,204,1137,948
641,intermediate acoustic stria,ias,204,204,204,1138,948
506,dorsal acoustic stria,das,204,204,204,1139,948
658,lateral lemniscus,ll,204,204,204,1140,948
633,inferior colliculus commissure,cic,204,204,204,1141,948
482,brachium of the inferior colliculus,bic,204,204,204,1142,948
808,glossopharyngeal nerve,IXn,204,204,204,1143,967
917,vagus nerve,Xn,204,204,204,1144,967
237,solitary tract,ts,204,204,204,1145,917
717,accessory spinal nerve,XIn,204,204,204,1146,967
813,hypoglossal nerve,XIIn,204,204,204,1147,967
925,ventral roots,vrt,204,204,204,1148,967
792,dorsal roots,drt,204,204,204,1149,967
932,cervicothalamic tract,cett,204,204,204,1150,792
570,dorsolateral fascicle,dl,204,204,204,1151,932
522,dorsal commissure of the spinal cord,dcm,204,204,204,1152,932
858,ventral commissure of the spinal cord,vc,204,204,204,1153,932
586,fasciculus proprius,fpr,204,204,204,1154,932
514,dorsal column,dc,204,204,204,1155,932
380,cuneate fascicle,cuf,204,204,204,1156,514
388,gracile fascicle,grf,204,204,204,1157,514
396,internal arcuate fibers,iaf,204,204,204,1158,514
697,medial lemniscus,ml,204,204,204,1159,932
871,spinothalamic tract,sst,204,204,204,1160,967
29,lateral spinothalamic tract,sttl,204,204,204,1161,871
389,ventral spinothalamic tract,sttv,204,204,204,1162,871
245,spinocervical tract,scrt,204,204,204,1163,871
261,spino-olivary pathway,sop,204,204,204,1164,871
270,spinoreticular pathway,srp,204,204,204,1165,871
293,spinovestibular pathway,svp,204,204,204,1166,871
277,spinotectal pathway,stp,204,204,204,1167,871
253,spinohypothalamic pathway,shp,204,204,204,1168,871
285,spinotelenchephalic pathway,step,204,204,204,1169,871
627,hypothalamohypophysial tract,hht,204,204,204,1170,285
960,cerebellum related fiber tracts,cbf,204,204,204,1171,1009
744,cerebellar commissure,cbc,204,204,204,1172,960
752,cerebellar peduncles,cbp,204,204,204,1173,960
326,superior cerebelar peduncles,scp,204,204,204,1174,752
812,superior cerebellar peduncle decussation,dscp,204,204,204,1175,326
85,spinocerebellar tract,sct,204,204,204,1176,812
850,uncinate fascicle,uf,204,204,204,1177,326
866,ventral spinocerebellar tract,sctv,204,204,204,1178,326
78,middle cerebellar peduncle,mcp,204,204,204,1179,752
1123,inferior cerebellar peduncle,icp,204,204,204,1180,752
553,dorsal spinocerebellar tract,sctd,204,204,204,1181,1123
499,cuneocerebellar tract,cct,204,204,204,1182,1123
650,juxtarestiform body,jrb,204,204,204,1183,1123
490,bulbocerebellar tract,bct,204,204,204,1184,1123
404,olivocerebellar tract,oct,204,204,204,1185,490
410,reticulocerebellar tract,rct,204,204,204,1186,490
373,trigeminocerebellar tract,tct,204,204,204,1187,752
728,arbor vitae,arb,204,204,204,1188,960
20048,supra-callosal cerebral white matter,scwm,204,204,204,1189,1009
983,lateral forebrain bundle system,lfbs,204,204,204,1190,1009
776,corpus callosum,cc,204,204,204,1191,983
956,"corpus callosum, anterior forceps",fa,204,204,204,1192,776
579,external capsule,ec,204,204,204,1193,956
964,"corpus callosum, extreme capsule",ee,204,204,204,1194,776
1108,genu of corpus callosum,ccg,204,204,204,1195,776
971,"corpus callosum, posterior forceps",fp,204,204,204,1196,776
979,"corpus callosum, rostrum",ccr,204,204,204,1197,776
20047,"corpus callosum, body",ccb,204,204,204,1198,776
986,"corpus callosum, splenium",ccs,204,204,204,1199,776
784,corticospinal tract,cst,204,204,204,1200,983
6,internal capsule,int,204,204,204,1201,784
924,cerebal peduncle,cpd,204,204,204,1202,784
1036,corticotectal tract,cte,204,204,204,1203,784
1012,corticorubral tract,crt,204,204,204,1204,784
1003,corticopontine tract,cpt,204,204,204,1205,784
994,corticobulbar tract,cbt,204,204,204,1206,784
190,pyramid,py,204,204,204,1207,784
198,pyramidal decussation,pyd,204,204,204,1208,784
1019,"corticospinal tract, crossed",cstc,204,204,204,1209,784
1028,"corticospinal tract, uncrossed",cstu,204,204,204,1210,784
896,thalamus related,lfbst,204,204,204,1211,983
1092,external medullary lamina of the thalamus,em,204,204,204,1212,896
14,internal medullary lamina of the thalamus,im,204,204,204,1213,896
86,middle thalamic commissure,mtc,204,204,204,1214,896
365,thalamic peduncles,tp,204,204,204,1215,896
20046,optic radiation,or,204,204,204,1216,896
20045,auditory radiation,ar,204,204,204,1217,896
1000,extrapyramidal fiber systems,eps,204,204,204,1218,1009
760,cerebral nuclei related,epsc,204,204,204,1219,1000
142,pallidothalamic pathway,pap,204,204,204,1220,760
102,nigrostriatal tract,nst,204,204,204,1221,760
109,nigrothalamic fibers,ntt,204,204,204,1222,760
134,pallidotegmental fascicle,ptf,204,204,204,1223,760
309,striatonigral pathway,snp,204,204,204,1224,760
317,subthalamic fascicle,stf,204,204,204,1225,760
877,tectospinal pathway,tsp,204,204,204,1226,1000
1051,direct tectospinal pathway,tspd,204,204,204,1227,877
1060,doral tegmental decussation,dtd,204,204,204,1228,877
1043,crossed tectospinal pathway,tspc,204,204,204,1229,877
863,rubrospinal tract,rust,204,204,204,1230,1000
397,ventral tegmental decussation,vtd,204,204,204,1231,863
221,rubroreticular tract,rrt,204,204,204,1232,863
736,central tegmental bundle,ctb,204,204,204,1233,1000
855,retriculospinal tract,rst,204,204,204,1234,1000
205,"retriculospinal tract, lateral part",rstl,204,204,204,1235,855
213,"retriculospinal tract, medial part",rstm,204,204,204,1236,855
941,vestibulospinal pathway,vsp,204,204,204,1237,1000
991,medial forebrain bundle system,mfbs,204,204,204,1238,1009
768,cerebrum related,mfbc,204,204,204,1239,991
884,amygdalar capsule,amc,204,204,204,1240,768
892,ansa peduncularis,apd,204,204,204,1241,768
908,"anterior commissure, temporal limb",act,204,204,204,1242,768
940,cingulum bundle,cing,204,204,204,1243,768
1099,fornix system,fxs,204,204,204,1244,768
466,alveus,alv,204,204,204,1245,1099
530,dorsal fornix,df,204,204,204,1246,1099
603,fimbria,fi,204,204,204,1247,1099
745,"precommissural fornix, general",fxprg,204,204,204,1248,1099
420,precommissural fornix diagonal band,db,204,204,204,1249,745
737,postcommissural fornix,fxpo,204,204,204,1250,1099
428,medial corticohypothalamic tract,mct,204,204,204,1251,737
436,columns of the fornix,fx,204,204,204,1252,737
618,hippocampal commissures,hc,204,204,204,1253,1099
443,dorsal hippocampal commissure,dhc,204,204,204,1254,618
449,ventral hippocampal commissure,vhc,204,204,204,1255,618
713,perforant path,per,204,204,204,1256,1099
474,angular path,ab,204,204,204,1257,1099
37,longitudinal association bundle,lab,204,204,204,1258,768
301,stria terminalis,st,204,204,204,1259,768
20044,commissural branch of stria terminalis,stc,204,204,204,1260,301
824,hypothalamus related,mfsbshy,204,204,204,1261,991
54,medial forebrain bundle,mfb,204,204,204,1262,824
405,ventrolateral hypothalamic tract,vlt,204,204,204,1263,824
174,preoptic commissure,poc,204,204,204,1264,824
349,supraoptic commissures,sup,204,204,204,1265,824
817,"supraoptic commissures, anterior",supa,204,204,204,1266,349
825,"supraoptic commissures, dorsal",supd,204,204,204,1267,349
833,"supraoptic commissures, ventral",supv,204,204,204,1268,349
166,premammillary commissure,pmx,204,204,204,1269,824
341,supramammillary decussation,smd,204,204,204,1270,824
182,propriohypothalamic pathways,php,204,204,204,1271,824
762,"propriohypothalamic pathways, dorsal",phpd,204,204,204,1272,182
770,"propriohypothalamic pathways, lateral",phpl,204,204,204,1273,182
779,"propriohypothalamic pathways, medial",phpm,204,204,204,1274,182
787,"propriohypothalamic pathways, ventral",phpv,204,204,204,1275,182
150,periventricular bundle of the hypothalamus,pvbh,204,204,204,1276,824
46,mammillary related,mfbsma,204,204,204,1277,824
753,principal mammillary tract,pm,204,204,204,1278,46
690,mammillothalamic tract,mtt,204,204,204,1279,46
681,mammillotegmental tract,mtg,204,204,204,1280,46
673,mammillary peduncle,mp,204,204,204,1281,46
1068,dorsal thalamus related,mfbst,204,204,204,1282,824
722,periventricular bundle of the thalamus,pvbt,204,204,204,1283,1068
1083,epithalamus related,mfbse,204,204,204,1284,824
802,stria medullaris,sm,204,204,204,1285,1083
595,fasciculus retroflexus,fr,204,204,204,1286,1083
611,habenular commissure,hbc,204,204,204,1287,1083
730,pineal stalk,PIS,204,204,204,1288,1083
70,midbrain related,mfbsm,204,204,204,1289,824
547,dorsal longitudinal fascicle,dlf,204,204,204,1290,70
563,dorsal tegmental tract,dtt,204,204,204,1291,70
73,ventricular systems,VS,170,170,170,1292,997
81,lateral ventricle,VL,170,170,170,1293,73
89,rhinocele,RC,170,170,170,1294,81
98,subependymal zone,SEZ,170,170,170,1295,81
108,choroid plexus,chpl,170,170,170,1296,81
116,choroid fissure,chfl,170,170,170,1297,81
124,interventricular foramen,IVF,170,170,170,1298,73
129,third ventricle,V3,170,170,170,1299,73
140,cerebral aqueduct,AQ,170,170,170,1300,73
145,fourth ventricle,V4,170,170,170,1301,73
153,lateral recess,V4r,170,170,170,1302,145
164,"central canal, spinal cord/medulla",c,170,170,170,1303,73
1024,grooves,grv,170,170,170,1304,997
1032,grooves of the cerebral cortex,grv of CTX,170,170,170,1305,1024
1055,endorhinal groove,eg,170,170,170,1306,1032
1063,hippocampal fissure,hf,170,170,170,1307,1032
1071,rhinal fissure,rf,170,170,170,1308,1032
1078,rhinal incisure,ri,170,170,170,1309,1032
1040,grooves of the cerebellar cortex,grv of CBX,170,170,170,1310,1024
1087,precentral fissure,pce,170,170,170,1311,1040
1095,preculminate fissure,pcf,170,170,170,1312,1040
1103,primary fissure,pri,170,170,170,1313,1040
1112,posterior superior fissure,psf,170,170,170,1314,1040
1119,prepyramidal fissure,ppf,170,170,170,1315,1040
3,secondary fissure,sec,170,170,170,1316,1040
11,posterolateral fissure,plf,170,170,170,1317,1040
18,nodular fissure,nf,170,170,170,1318,1040
25,simple fissure,sif,170,170,170,1319,1040
34,intercrural fissure,icf,170,170,170,1320,1040
43,ansoparamedian fissure,apf,170,170,170,1321,1040
49,intraparafloccular fissure,ipf,170,170,170,1322,1040
57,paramedian sulcus,pms,170,170,170,1323,1040
65,parafloccular sulcus,pfs,170,170,170,1324,1040
624,Interpeduncular fossa,IPF,170,170,170,1325,1024
20121,retina,retina,127,46,126,1326,997
